msi,digestibility,pred_iauc_per1000
-0.8505618352786911,-2.0790545516473506,1.6625067676131233
-0.79305542819452,-2.0790545516473506,1.6875626844840366
-0.735549021110349,-2.0790545516473506,1.7126186013549496
-0.6780426140261779,-2.0790545516473506,1.7376745182258628
-0.6205362069420068,-2.0790545516473506,1.7627304350967758
-0.5630297998578357,-2.0790545516473506,1.7877863519676889
-0.5055233927736646,-2.0790545516473506,1.8128422688386023
-0.44801698568949366,-2.0790545516473506,1.8378981857095154
-0.39051057860532257,-2.0790545516473506,1.8629541025804284
-0.33300417152115147,-2.0790545516473506,1.8880100194513418
-0.2754977644369804,-2.0790545516473506,1.9130659363222546
-0.2179913573528094,-2.0790545516473506,1.9381218531931677
-0.1604849502686383,-2.0790545516473506,1.9631777700640811
-0.1029785431844672,-2.0790545516473506,1.9882336869349941
-0.04547213610029621,-2.0790545516473506,2.0132896038059074
0.012034270983874884,-2.0790545516473506,2.0383455206768204
0.06954067806804598,-2.0790545516473506,2.063401437547734
0.12704708515221708,-2.0790545516473506,2.0884573544186473
0.18455349223638817,-2.0790545516473506,2.11351327128956
0.24205989932055927,-2.0790545516473506,2.138569188160473
0.29956630640473036,-2.0790545516473506,2.1636251050313864
0.35707271348890124,-2.0790545516473506,2.1886810219022994
0.41457912057307233,-2.0790545516473506,2.2137369387732124
0.47208552765724343,-2.0790545516473506,2.238792855644126
0.5295919347414145,-2.0790545516473506,2.2638487725150385
0.5870983418255856,-2.0790545516473506,2.288904689385952
0.6446047489097567,-2.0790545516473506,2.3139606062568654
0.7021111559939278,-2.0790545516473506,2.3390165231277775
0.7596175630780987,-2.0790545516473506,2.3640724399986914
0.8171239701622698,-2.0790545516473506,2.389128356869605
0.8746303772464409,-2.0790545516473506,2.4141842737405175
0.932136784330612,-2.0790545516473506,2.4392401906114305
0.9896431914147831,-2.0790545516473506,2.464296107482343
1.047149598498954,-2.0790545516473506,2.489352024353257
1.1046560055831254,-2.0790545516473506,2.51440794122417
1.1621624126672963,-2.0790545516473506,2.5394638580950826
1.2196688197514676,-2.0790545516473506,2.564519774965997
1.2771752268356384,-2.0790545516473506,2.5895756918369095
1.3346816339198098,-2.0790545516473506,2.614631608707823
1.3921880410039804,-2.0790545516473506,2.6396875255787355
-0.8505618352786911,-1.9427592230253126,1.6678452886878814
-0.79305542819452,-1.9427592230253126,1.696115716694723
-0.735549021110349,-1.9427592230253126,1.7243861447015645
-0.6780426140261779,-1.9427592230253126,1.752656572708406
-0.6205362069420068,-1.9427592230253126,1.7809270007152476
-0.5630297998578357,-1.9427592230253126,1.8091974287220887
-0.5055233927736646,-1.9427592230253126,1.8374678567289306
-0.44801698568949366,-1.9427592230253126,1.865738284735772
-0.39051057860532257,-1.9427592230253126,1.8940087127426133
-0.33300417152115147,-1.9427592230253126,1.922279140749455
-0.2754977644369804,-1.9427592230253126,1.9505495687562964
-0.2179913573528094,-1.9427592230253126,1.9788199967631377
-0.1604849502686383,-1.9427592230253126,2.0070904247699795
-0.1029785431844672,-1.9427592230253126,2.0353608527768206
-0.04547213610029621,-1.9427592230253126,2.063631280783662
0.012034270983874884,-1.9427592230253126,2.0919017087905036
0.06954067806804598,-1.9427592230253126,2.120172136797345
0.12704708515221708,-1.9427592230253126,2.1484425648041867
0.18455349223638817,-1.9427592230253126,2.1767129928110283
0.24205989932055927,-1.9427592230253126,2.20498342081787
0.29956630640473036,-1.9427592230253126,2.2332538488247113
0.35707271348890124,-1.9427592230253126,2.261524276831553
0.41457912057307233,-1.9427592230253126,2.289794704838394
0.47208552765724343,-1.9427592230253126,2.3180651328452355
0.5295919347414145,-1.9427592230253126,2.346335560852077
0.5870983418255856,-1.9427592230253126,2.3746059888589186
0.6446047489097567,-1.9427592230253126,2.40287641686576
0.7021111559939278,-1.9427592230253126,2.4311468448726012
0.7596175630780987,-1.9427592230253126,2.459417272879443
0.8171239701622698,-1.9427592230253126,2.4876877008862843
0.8746303772464409,-1.9427592230253126,2.515958128893126
0.932136784330612,-1.9427592230253126,2.5442285568999674
0.9896431914147831,-1.9427592230253126,2.5724989849068085
1.047149598498954,-1.9427592230253126,2.6007694129136505
1.1046560055831254,-1.9427592230253126,2.629039840920492
1.1621624126672963,-1.9427592230253126,2.6573102689273327
1.2196688197514676,-1.9427592230253126,2.685580696934175
1.2771752268356384,-1.9427592230253126,2.713851124941016
1.3346816339198098,-1.9427592230253126,2.742121552947858
1.3921880410039804,-1.9427592230253126,2.770391980954699
-0.8505618352786911,-1.8064638944032745,1.6731838097626397
-0.79305542819452,-1.8064638944032745,1.70466874890541
-0.735549021110349,-1.8064638944032745,1.7361536880481796
-0.6780426140261779,-1.8064638944032745,1.7676386271909492
-0.6205362069420068,-1.8064638944032745,1.7991235663337193
-0.5630297998578357,-1.8064638944032745,1.830608505476489
-0.5055233927736646,-1.8064638944032745,1.862093444619259
-0.44801698568949366,-1.8064638944032745,1.8935783837620286
-0.39051057860532257,-1.8064638944032745,1.9250633229047982
-0.33300417152115147,-1.8064638944032745,1.9565482620475685
-0.2754977644369804,-1.8064638944032745,1.988033201190338
-0.2179913573528094,-1.8064638944032745,2.019518140333108
-0.1604849502686383,-1.8064638944032745,2.051003079475878
-0.1029785431844672,-1.8064638944032745,2.0824880186186476
-0.04547213610029621,-1.8064638944032745,2.1139729577614172
0.012034270983874884,-1.8064638944032745,2.1454578969041873
0.06954067806804598,-1.8064638944032745,2.176942836046957
0.12704708515221708,-1.8064638944032745,2.208427775189727
0.18455349223638817,-1.8064638944032745,2.2399127143324966
0.24205989932055927,-1.8064638944032745,2.2713976534752667
0.29956630640473036,-1.8064638944032745,2.3028825926180363
0.35707271348890124,-1.8064638944032745,2.3343675317608064
0.41457912057307233,-1.8064638944032745,2.365852470903576
0.47208552765724343,-1.8064638944032745,2.3973374100463456
0.5295919347414145,-1.8064638944032745,2.428822349189115
0.5870983418255856,-1.8064638944032745,2.4603072883318857
0.6446047489097567,-1.8064638944032745,2.4917922274746553
0.7021111559939278,-1.8064638944032745,2.523277166617425
0.7596175630780987,-1.8064638944032745,2.5547621057601946
0.8171239701622698,-1.8064638944032745,2.5862470449029646
0.8746303772464409,-1.8064638944032745,2.6177319840457343
0.932136784330612,-1.8064638944032745,2.6492169231885043
0.9896431914147831,-1.8064638944032745,2.6807018623312735
1.047149598498954,-1.8064638944032745,2.7121868014740436
1.1046560055831254,-1.8064638944032745,2.7436717406168136
1.1621624126672963,-1.8064638944032745,2.775156679759583
1.2196688197514676,-1.8064638944032745,2.8066416189023538
1.2771752268356384,-1.8064638944032745,2.838126558045123
1.3346816339198098,-1.8064638944032745,2.869611497187893
1.3921880410039804,-1.8064638944032745,2.9010964363306626
-0.8505618352786911,-1.6701685657812364,1.6785223308373982
-0.79305542819452,-1.6701685657812364,1.7132217811160961
-0.735549021110349,-1.6701685657812364,1.7479212313947943
-0.6780426140261779,-1.6701685657812364,1.7826206816734926
-0.6205362069420068,-1.6701685657812364,1.8173201319521906
-0.5630297998578357,-1.6701685657812364,1.8520195822308887
-0.5055233927736646,-1.6701685657812364,1.886719032509587
-0.44801698568949366,-1.6701685657812364,1.921418482788285
-0.39051057860532257,-1.6701685657812364,1.9561179330669831
-0.33300417152115147,-1.6701685657812364,1.9908173833456815
-0.2754977644369804,-1.6701685657812364,2.0255168336243794
-0.2179913573528094,-1.6701685657812364,2.0602162839030775
-0.1604849502686383,-1.6701685657812364,2.0949157341817757
-0.1029785431844672,-1.6701685657812364,2.129615184460474
-0.04547213610029621,-1.6701685657812364,2.164314634739172
0.012034270983874884,-1.6701685657812364,2.19901408501787
0.06954067806804598,-1.6701685657812364,2.2337135352965682
0.12704708515221708,-1.6701685657812364,2.268412985575267
0.18455349223638817,-1.6701685657812364,2.3031124358539645
0.24205989932055927,-1.6701685657812364,2.337811886132663
0.29956630640473036,-1.6701685657812364,2.3725113364113612
0.35707271348890124,-1.6701685657812364,2.407210786690059
0.41457912057307233,-1.6701685657812364,2.441910236968757
0.47208552765724343,-1.6701685657812364,2.4766096872474557
0.5295919347414145,-1.6701685657812364,2.5113091375261534
0.5870983418255856,-1.6701685657812364,2.546008587804852
0.6446047489097567,-1.6701685657812364,2.58070803808355
0.7021111559939278,-1.6701685657812364,2.615407488362248
0.7596175630780987,-1.6701685657812364,2.650106938640946
0.8171239701622698,-1.6701685657812364,2.6848063889196445
0.8746303772464409,-1.6701685657812364,2.719505839198342
0.932136784330612,-1.6701685657812364,2.754205289477041
0.9896431914147831,-1.6701685657812364,2.788904739755738
1.047149598498954,-1.6701685657812364,2.8236041900344366
1.1046560055831254,-1.6701685657812364,2.858303640313135
1.1621624126672963,-1.6701685657812364,2.893003090591833
1.2196688197514676,-1.6701685657812364,2.927702540870532
1.2771752268356384,-1.6701685657812364,2.9624019911492296
1.3346816339198098,-1.6701685657812364,2.997101441427928
1.3921880410039804,-1.6701685657812364,3.0318008917066255
-0.8505618352786911,-1.5338732371591983,1.6838608519121565
-0.79305542819452,-1.5338732371591983,1.721774813326783
-0.735549021110349,-1.5338732371591983,1.7596887747414094
-0.6780426140261779,-1.5338732371591983,1.7976027361560358
-0.6205362069420068,-1.5338732371591983,1.8355166975706623
-0.5630297998578357,-1.5338732371591983,1.8734306589852887
-0.5055233927736646,-1.5338732371591983,1.9113446203999154
-0.44801698568949366,-1.5338732371591983,1.9492585818145418
-0.39051057860532257,-1.5338732371591983,1.987172543229168
-0.33300417152115147,-1.5338732371591983,2.0250865046437947
-0.2754977644369804,-1.5338732371591983,2.0630004660584214
-0.2179913573528094,-1.5338732371591983,2.1009144274730476
-0.1604849502686383,-1.5338732371591983,2.1388283888876742
-0.1029785431844672,-1.5338732371591983,2.1767423503023005
-0.04547213610029621,-1.5338732371591983,2.214656311716927
0.012034270983874884,-1.5338732371591983,2.252570273131554
0.06954067806804598,-1.5338732371591983,2.29048423454618
0.12704708515221708,-1.5338732371591983,2.3283981959608067
0.18455349223638817,-1.5338732371591983,2.3663121573754333
0.24205989932055927,-1.5338732371591983,2.40422611879006
0.29956630640473036,-1.5338732371591983,2.442140080204686
0.35707271348890124,-1.5338732371591983,2.4800540416193124
0.41457912057307233,-1.5338732371591983,2.517968003033939
0.47208552765724343,-1.5338732371591983,2.5558819644485657
0.5295919347414145,-1.5338732371591983,2.593795925863192
0.5870983418255856,-1.5338732371591983,2.6317098872778186
0.6446047489097567,-1.5338732371591983,2.669623848692445
0.7021111559939278,-1.5338732371591983,2.7075378101070715
0.7596175630780987,-1.5338732371591983,2.7454517715216977
0.8171239701622698,-1.5338732371591983,2.7833657329363244
0.8746303772464409,-1.5338732371591983,2.8212796943509506
0.932136784330612,-1.5338732371591983,2.8591936557655777
0.9896431914147831,-1.5338732371591983,2.8971076171802035
1.047149598498954,-1.5338732371591983,2.93502157859483
1.1046560055831254,-1.5338732371591983,2.972935540009457
1.1621624126672963,-1.5338732371591983,3.010849501424083
1.2196688197514676,-1.5338732371591983,3.0487634628387106
1.2771752268356384,-1.5338732371591983,3.0866774242533364
1.3346816339198098,-1.5338732371591983,3.124591385667963
1.3921880410039804,-1.5338732371591983,3.1625053470825897
-0.8505618352786911,-1.3975779085371602,1.6891993729869146
-0.79305542819452,-1.3975779085371602,1.7303278455374695
-0.735549021110349,-1.3975779085371602,1.7714563180880243
-0.6780426140261779,-1.3975779085371602,1.812584790638579
-0.6205362069420068,-1.3975779085371602,1.853713263189134
-0.5630297998578357,-1.3975779085371602,1.8948417357396885
-0.5055233927736646,-1.3975779085371602,1.9359702082902437
-0.44801698568949366,-1.3975779085371602,1.9770986808407984
-0.39051057860532257,-1.3975779085371602,2.018227153391353
-0.33300417152115147,-1.3975779085371602,2.059355625941908
-0.2754977644369804,-1.3975779085371602,2.100484098492463
-0.2179913573528094,-1.3975779085371602,2.1416125710430176
-0.1604849502686383,-1.3975779085371602,2.182741043593573
-0.1029785431844672,-1.3975779085371602,2.223869516144127
-0.04547213610029621,-1.3975779085371602,2.2649979886946823
0.012034270983874884,-1.3975779085371602,2.306126461245237
0.06954067806804598,-1.3975779085371602,2.3472549337957913
0.12704708515221708,-1.3975779085371602,2.3883834063463465
0.18455349223638817,-1.3975779085371602,2.4295118788969017
0.24205989932055927,-1.3975779085371602,2.4706403514474564
0.29956630640473036,-1.3975779085371602,2.5117688239980107
0.35707271348890124,-1.3975779085371602,2.552897296548566
0.41457912057307233,-1.3975779085371602,2.59402576909912
0.47208552765724343,-1.3975779085371602,2.6351542416496754
0.5295919347414145,-1.3975779085371602,2.6762827142002306
0.5870983418255856,-1.3975779085371602,2.7174111867507857
0.6446047489097567,-1.3975779085371602,2.7585396593013396
0.7021111559939278,-1.3975779085371602,2.799668131851895
0.7596175630780987,-1.3975779085371602,2.840796604402449
0.8171239701622698,-1.3975779085371602,2.8819250769530043
0.8746303772464409,-1.3975779085371602,2.9230535495035594
0.932136784330612,-1.3975779085371602,2.964182022054114
0.9896431914147831,-1.3975779085371602,3.0053104946046685
1.047149598498954,-1.3975779085371602,3.0464389671552237
1.1046560055831254,-1.3975779085371602,3.087567439705779
1.1621624126672963,-1.3975779085371602,3.128695912256333
1.2196688197514676,-1.3975779085371602,3.1698243848068888
1.2771752268356384,-1.3975779085371602,3.210952857357443
1.3346816339198098,-1.3975779085371602,3.2520813299079983
1.3921880410039804,-1.3975779085371602,3.2932098024585525
-0.8505618352786911,-1.2612825799151224,1.6945378940616729
-0.79305542819452,-1.2612825799151224,1.7388808777481561
-0.735549021110349,-1.2612825799151224,1.7832238614346392
-0.6780426140261779,-1.2612825799151224,1.8275668451211224
-0.6205362069420068,-1.2612825799151224,1.8719098288076055
-0.5630297998578357,-1.2612825799151224,1.9162528124940885
-0.5055233927736646,-1.2612825799151224,1.960595796180572
-0.44801698568949366,-1.2612825799151224,2.004938779867055
-0.39051057860532257,-1.2612825799151224,2.049281763553538
-0.33300417152115147,-1.2612825799151224,2.093624747240021
-0.2754977644369804,-1.2612825799151224,2.1379677309265044
-0.2179913573528094,-1.2612825799151224,2.182310714612987
-0.1604849502686383,-1.2612825799151224,2.226653698299471
-0.1029785431844672,-1.2612825799151224,2.2709966819859537
-0.04547213610029621,-1.2612825799151224,2.315339665672437
0.012034270983874884,-1.2612825799151224,2.3596826493589202
0.06954067806804598,-1.2612825799151224,2.404025633045403
0.12704708515221708,-1.2612825799151224,2.4483686167318868
0.18455349223638817,-1.2612825799151224,2.4927116004183696
0.24205989932055927,-1.2612825799151224,2.537054584104853
0.29956630640473036,-1.2612825799151224,2.581397567791336
0.35707271348890124,-1.2612825799151224,2.625740551477819
0.41457912057307233,-1.2612825799151224,2.670083535164302
0.47208552765724343,-1.2612825799151224,2.7144265188507855
0.5295919347414145,-1.2612825799151224,2.7587695025372683
0.5870983418255856,-1.2612825799151224,2.803112486223752
0.6446047489097567,-1.2612825799151224,2.847455469910235
0.7021111559939278,-1.2612825799151224,2.8917984535967176
0.7596175630780987,-1.2612825799151224,2.936141437283201
0.8171239701622698,-1.2612825799151224,2.980484420969684
0.8746303772464409,-1.2612825799151224,3.0248274046561674
0.932136784330612,-1.2612825799151224,3.0691703883426507
0.9896431914147831,-1.2612825799151224,3.113513372029133
1.047149598498954,-1.2612825799151224,3.1578563557156167
1.1046560055831254,-1.2612825799151224,3.2021993394021
1.1621624126672963,-1.2612825799151224,3.2465423230885824
1.2196688197514676,-1.2612825799151224,3.290885306775067
1.2771752268356384,-1.2612825799151224,3.3352282904615493
1.3346816339198098,-1.2612825799151224,3.3795712741480326
1.3921880410039804,-1.2612825799151224,3.4239142578345154
-0.8505618352786911,-1.1249872512930843,1.6998764151364312
-0.79305542819452,-1.1249872512930843,1.7474339099588427
-0.735549021110349,-1.1249872512930843,1.794991404781254
-0.6780426140261779,-1.1249872512930843,1.8425488996036656
-0.6205362069420068,-1.1249872512930843,1.890106394426077
-0.5630297998578357,-1.1249872512930843,1.9376638892484883
-0.5055233927736646,-1.1249872512930843,1.9852213840709
-0.44801698568949366,-1.1249872512930843,2.0327788788933114
-0.39051057860532257,-1.1249872512930843,2.0803363737157228
-0.33300417152115147,-1.1249872512930843,2.1278938685381346
-0.2754977644369804,-1.1249872512930843,2.175451363360546
-0.2179913573528094,-1.1249872512930843,2.2230088581829577
-0.1604849502686383,-1.1249872512930843,2.270566353005369
-0.1029785431844672,-1.1249872512930843,2.3181238478277804
-0.04547213610029621,-1.1249872512930843,2.3656813426501917
0.012034270983874884,-1.1249872512930843,2.4132388374726035
0.06954067806804598,-1.1249872512930843,2.460796332295015
0.12704708515221708,-1.1249872512930843,2.5083538271174266
0.18455349223638817,-1.1249872512930843,2.555911321939838
0.24205989932055927,-1.1249872512930843,2.6034688167622497
0.29956630640473036,-1.1249872512930843,2.651026311584661
0.35707271348890124,-1.1249872512930843,2.6985838064070724
0.41457912057307233,-1.1249872512930843,2.7461413012294837
0.47208552765724343,-1.1249872512930843,2.7936987960518955
0.5295919347414145,-1.1249872512930843,2.841256290874307
0.5870983418255856,-1.1249872512930843,2.8888137856967187
0.6446047489097567,-1.1249872512930843,2.93637128051913
0.7021111559939278,-1.1249872512930843,2.9839287753415413
0.7596175630780987,-1.1249872512930843,3.0314862701639527
0.8171239701622698,-1.1249872512930843,3.0790437649863645
0.8746303772464409,-1.1249872512930843,3.126601259808776
0.932136784330612,-1.1249872512930843,3.1741587546311876
0.9896431914147831,-1.1249872512930843,3.2217162494535985
1.047149598498954,-1.1249872512930843,3.2692737442760103
1.1046560055831254,-1.1249872512930843,3.3168312390984216
1.1621624126672963,-1.1249872512930843,3.364388733920833
1.2196688197514676,-1.1249872512930843,3.411946228743245
1.2771752268356384,-1.1249872512930843,3.459503723565656
1.3346816339198098,-1.1249872512930843,3.5070612183880674
1.3921880410039804,-1.1249872512930843,3.5546187132104787
-0.8505618352786911,-0.9886919226710462,1.7052149362111895
-0.79305542819452,-0.9886919226710462,1.755986942169529
-0.735549021110349,-0.9886919226710462,1.806758948127869
-0.6780426140261779,-0.9886919226710462,1.857530954086209
-0.6205362069420068,-0.9886919226710462,1.9083029600445487
-0.5630297998578357,-0.9886919226710462,1.9590749660028883
-0.5055233927736646,-0.9886919226710462,2.0098469719612284
-0.44801698568949366,-0.9886919226710462,2.0606189779195683
-0.39051057860532257,-0.9886919226710462,2.1113909838779077
-0.33300417152115147,-0.9886919226710462,2.162162989836248
-0.2754977644369804,-0.9886919226710462,2.2129349957945874
-0.2179913573528094,-0.9886919226710462,2.2637070017529273
-0.1604849502686383,-0.9886919226710462,2.314479007711267
-0.1029785431844672,-0.9886919226710462,2.365251013669607
-0.04547213610029621,-0.9886919226710462,2.4160230196279464
0.012034270983874884,-0.9886919226710462,2.4667950255862867
0.06954067806804598,-0.9886919226710462,2.517567031544626
0.12704708515221708,-0.9886919226710462,2.5683390375029664
0.18455349223638817,-0.9886919226710462,2.619111043461306
0.24205989932055927,-0.9886919226710462,2.669883049419646
0.29956630640473036,-0.9886919226710462,2.7206550553779856
0.35707271348890124,-0.9886919226710462,2.7714270613363254
0.41457912057307233,-0.9886919226710462,2.8221990672946653
0.47208552765724343,-0.9886919226710462,2.872971073253005
0.5295919347414145,-0.9886919226710462,2.923743079211345
0.5870983418255856,-0.9886919226710462,2.974515085169685
0.6446047489097567,-0.9886919226710462,3.0252870911280247
0.7021111559939278,-0.9886919226710462,3.076059097086364
0.7596175630780987,-0.9886919226710462,3.126831103044704
0.8171239701622698,-0.9886919226710462,3.1776031090030443
0.8746303772464409,-0.9886919226710462,3.2283751149613837
0.932136784330612,-0.9886919226710462,3.279147120919724
0.9896431914147831,-0.9886919226710462,3.329919126878063
1.047149598498954,-0.9886919226710462,3.3806911328364033
1.1046560055831254,-0.9886919226710462,3.431463138794743
1.1621624126672963,-0.9886919226710462,3.4822351447530826
1.2196688197514676,-0.9886919226710462,3.533007150711424
1.2771752268356384,-0.9886919226710462,3.583779156669763
1.3346816339198098,-0.9886919226710462,3.634551162628103
1.3921880410039804,-0.9886919226710462,3.6853231685864425
-0.8505618352786911,-0.8523965940490081,1.7105534572859478
-0.79305542819452,-0.8523965940490081,1.764539974380216
-0.735549021110349,-0.8523965940490081,1.818526491474484
-0.6780426140261779,-0.8523965940490081,1.8725130085687522
-0.6205362069420068,-0.8523965940490081,1.9264995256630204
-0.5630297998578357,-0.8523965940490081,1.9804860427572883
-0.5055233927736646,-0.8523965940490081,2.0344725598515567
-0.44801698568949366,-0.8523965940490081,2.0884590769458247
-0.39051057860532257,-0.8523965940490081,2.142445594040093
-0.33300417152115147,-0.8523965940490081,2.1964321111343614
-0.2754977644369804,-0.8523965940490081,2.2504186282286294
-0.2179913573528094,-0.8523965940490081,2.3044051453228973
-0.1604849502686383,-0.8523965940490081,2.3583916624171657
-0.1029785431844672,-0.8523965940490081,2.4123781795114336
-0.04547213610029621,-0.8523965940490081,2.4663646966057016
0.012034270983874884,-0.8523965940490081,2.52035121369997
0.06954067806804598,-0.8523965940490081,2.574337730794238
0.12704708515221708,-0.8523965940490081,2.6283242478885067
0.18455349223638817,-0.8523965940490081,2.6823107649827747
0.24205989932055927,-0.8523965940490081,2.736297282077043
0.29956630640473036,-0.8523965940490081,2.790283799171311
0.35707271348890124,-0.8523965940490081,2.844270316265579
0.41457912057307233,-0.8523965940490081,2.898256833359847
0.47208552765724343,-0.8523965940490081,2.9522433504541152
0.5295919347414145,-0.8523965940490081,3.006229867548383
0.5870983418255856,-0.8523965940490081,3.060216384642652
0.6446047489097567,-0.8523965940490081,3.11420290173692
0.7021111559939278,-0.8523965940490081,3.168189418831188
0.7596175630780987,-0.8523965940490081,3.222175935925456
0.8171239701622698,-0.8523965940490081,3.276162453019724
0.8746303772464409,-0.8523965940490081,3.330148970113992
0.932136784330612,-0.8523965940490081,3.3841354872082605
0.9896431914147831,-0.8523965940490081,3.438122004302528
1.047149598498954,-0.8523965940490081,3.492108521396797
1.1046560055831254,-0.8523965940490081,3.5460950384910648
1.1621624126672963,-0.8523965940490081,3.6000815555853327
1.2196688197514676,-0.8523965940490081,3.654068072679602
1.2771752268356384,-0.8523965940490081,3.7080545897738695
1.3346816339198098,-0.8523965940490081,3.762041106868138
1.3921880410039804,-0.8523965940490081,3.8160276239624054
-0.8505618352786911,-0.7161012654269701,1.715891978360706
-0.79305542819452,-0.7161012654269701,1.7730930065909025
-0.735549021110349,-0.7161012654269701,1.830294034821099
-0.6780426140261779,-0.7161012654269701,1.8874950630512954
-0.6205362069420068,-0.7161012654269701,1.944696091281492
-0.5630297998578357,-0.7161012654269701,2.001897119511688
-0.5055233927736646,-0.7161012654269701,2.059098147741885
-0.44801698568949366,-0.7161012654269701,2.1162991759720815
-0.39051057860532257,-0.7161012654269701,2.1735002042022775
-0.33300417152115147,-0.7161012654269701,2.2307012324324744
-0.2754977644369804,-0.7161012654269701,2.287902260662671
-0.2179913573528094,-0.7161012654269701,2.345103288892867
-0.1604849502686383,-0.7161012654269701,2.402304317123064
-0.1029785431844672,-0.7161012654269701,2.4595053453532603
-0.04547213610029621,-0.7161012654269701,2.5167063735834563
0.012034270983874884,-0.7161012654269701,2.573907401813653
0.06954067806804598,-0.7161012654269701,2.63110843004385
0.12704708515221708,-0.7161012654269701,2.6883094582740465
0.18455349223638817,-0.7161012654269701,2.7455104865042426
0.24205989932055927,-0.7161012654269701,2.8027115147344395
0.29956630640473036,-0.7161012654269701,2.859912542964636
0.35707271348890124,-0.7161012654269701,2.917113571194832
0.41457912057307233,-0.7161012654269701,2.974314599425029
0.47208552765724343,-0.7161012654269701,3.0315156276552253
0.5295919347414145,-0.7161012654269701,3.0887166558854213
0.5870983418255856,-0.7161012654269701,3.1459176841156182
0.6446047489097567,-0.7161012654269701,3.203118712345815
0.7021111559939278,-0.7161012654269701,3.2603197405760107
0.7596175630780987,-0.7161012654269701,3.3175207688062076
0.8171239701622698,-0.7161012654269701,3.3747217970364045
0.8746303772464409,-0.7161012654269701,3.4319228252666
0.932136784330612,-0.7161012654269701,3.489123853496797
0.9896431914147831,-0.7161012654269701,3.546324881726993
1.047149598498954,-0.7161012654269701,3.60352590995719
1.1046560055831254,-0.7161012654269701,3.6607269381873864
1.1621624126672963,-0.7161012654269701,3.7179279664175824
1.2196688197514676,-0.7161012654269701,3.7751289946477797
1.2771752268356384,-0.7161012654269701,3.8323300228779758
1.3346816339198098,-0.7161012654269701,3.8895310511081727
1.3921880410039804,-0.7161012654269701,3.9467320793383687
-0.8505618352786911,-0.579805936804932,1.7212304994354641
-0.79305542819452,-0.579805936804932,1.7816460388015891
-0.735549021110349,-0.579805936804932,1.8420615781677139
-0.6780426140261779,-0.579805936804932,1.9024771175338386
-0.6205362069420068,-0.579805936804932,1.9628926568999634
-0.5630297998578357,-0.579805936804932,2.0233081962660884
-0.5055233927736646,-0.579805936804932,2.0837237356322134
-0.44801698568949366,-0.579805936804932,2.144139274998338
-0.39051057860532257,-0.579805936804932,2.2045548143644624
-0.33300417152115147,-0.579805936804932,2.264970353730588
-0.2754977644369804,-0.579805936804932,2.3253858930967124
-0.2179913573528094,-0.579805936804932,2.385801432462837
-0.1604849502686383,-0.579805936804932,2.4462169718289624
-0.1029785431844672,-0.579805936804932,2.506632511195087
-0.04547213610029621,-0.579805936804932,2.5670480505612114
0.012034270983874884,-0.579805936804932,2.6274635899273364
0.06954067806804598,-0.579805936804932,2.6878791292934614
0.12704708515221708,-0.579805936804932,2.7482946686595864
0.18455349223638817,-0.579805936804932,2.808710208025711
0.24205989932055927,-0.579805936804932,2.869125747391836
0.29956630640473036,-0.579805936804932,2.929541286757961
0.35707271348890124,-0.579805936804932,2.9899568261240854
0.41457912057307233,-0.579805936804932,3.05037236549021
0.47208552765724343,-0.579805936804932,3.1107879048563354
0.5295919347414145,-0.579805936804932,3.17120344422246
0.5870983418255856,-0.579805936804932,3.231618983588585
0.6446047489097567,-0.579805936804932,3.2920345229547094
0.7021111559939278,-0.579805936804932,3.3524500623208344
0.7596175630780987,-0.579805936804932,3.412865601686959
0.8171239701622698,-0.579805936804932,3.473281141053084
0.8746303772464409,-0.579805936804932,3.533696680419209
0.932136784330612,-0.579805936804932,3.594112219785334
0.9896431914147831,-0.579805936804932,3.654527759151458
1.047149598498954,-0.579805936804932,3.714943298517583
1.1046560055831254,-0.579805936804932,3.775358837883709
1.1621624126672963,-0.579805936804932,3.835774377249833
1.2196688197514676,-0.579805936804932,3.896189916615959
1.2771752268356384,-0.579805936804932,3.956605455982083
1.3346816339198098,-0.579805936804932,4.017020995348208
1.3921880410039804,-0.579805936804932,4.077436534714333
-0.8505618352786911,-0.4435106081828941,1.7265690205102224
-0.79305542819452,-0.4435106081828941,1.7901990710122757
-0.735549021110349,-0.4435106081828941,1.8538291215143288
-0.6780426140261779,-0.4435106081828941,1.9174591720163818
-0.6205362069420068,-0.4435106081828941,1.9810892225184351
-0.5630297998578357,-0.4435106081828941,2.044719273020488
-0.5055233927736646,-0.4435106081828941,2.1083493235225417
-0.44801698568949366,-0.4435106081828941,2.1719793740245947
-0.39051057860532257,-0.4435106081828941,2.235609424526648
-0.33300417152115147,-0.4435106081828941,2.2992394750287013
-0.2754977644369804,-0.4435106081828941,2.3628695255307544
-0.2179913573528094,-0.4435106081828941,2.426499576032807
-0.1604849502686383,-0.4435106081828941,2.4901296265348605
-0.1029785431844672,-0.4435106081828941,2.5537596770369135
-0.04547213610029621,-0.4435106081828941,2.6173897275389666
0.012034270983874884,-0.4435106081828941,2.68101977804102
0.06954067806804598,-0.4435106081828941,2.744649828543073
0.12704708515221708,-0.4435106081828941,2.8082798790451267
0.18455349223638817,-0.4435106081828941,2.8719099295471793
0.24205989932055927,-0.4435106081828941,2.9355399800492328
0.29956630640473036,-0.4435106081828941,2.999170030551286
0.35707271348890124,-0.4435106081828941,3.062800081053339
0.41457912057307233,-0.4435106081828941,3.126430131555392
0.47208552765724343,-0.4435106081828941,3.1900601820574455
0.5295919347414145,-0.4435106081828941,3.253690232559498
0.5870983418255856,-0.4435106081828941,3.3173202830615516
0.6446047489097567,-0.4435106081828941,3.3809503335636046
0.7021111559939278,-0.4435106081828941,3.4445803840656577
0.7596175630780987,-0.4435106081828941,3.5082104345677108
0.8171239701622698,-0.4435106081828941,3.5718404850697643
0.8746303772464409,-0.4435106081828941,3.6354705355718173
0.932136784330612,-0.4435106081828941,3.6991005860738704
0.9896431914147831,-0.4435106081828941,3.762730636575923
1.047149598498954,-0.4435106081828941,3.8263606870779765
1.1046560055831254,-0.4435106081828941,3.88999073758003
1.1621624126672963,-0.4435106081828941,3.9536207880820826
1.2196688197514676,-0.4435106081828941,4.017250838584137
1.2771752268356384,-0.4435106081828941,4.080880889086189
1.3346816339198098,-0.4435106081828941,4.144510939588243
1.3921880410039804,-0.4435106081828941,4.208140990090295
-0.8505618352786911,-0.30721527956085604,1.731907541584981
-0.79305542819452,-0.30721527956085604,1.7987521032229623
-0.735549021110349,-0.30721527956085604,1.8655966648609437
-0.6780426140261779,-0.30721527956085604,1.9324412264989252
-0.6205362069420068,-0.30721527956085604,1.9992857881369066
-0.5630297998578357,-0.30721527956085604,2.066130349774888
-0.5055233927736646,-0.30721527956085604,2.13297491141287
-0.44801698568949366,-0.30721527956085604,2.199819473050851
-0.39051057860532257,-0.30721527956085604,2.2666640346888323
-0.33300417152115147,-0.30721527956085604,2.3335085963268143
-0.2754977644369804,-0.30721527956085604,2.4003531579647954
-0.2179913573528094,-0.30721527956085604,2.467197719602777
-0.1604849502686383,-0.30721527956085604,2.5340422812407586
-0.1029785431844672,-0.30721527956085604,2.60088684287874
-0.04547213610029621,-0.30721527956085604,2.6677314045167213
0.012034270983874884,-0.30721527956085604,2.734575966154703
0.06954067806804598,-0.30721527956085604,2.8014205277926845
0.12704708515221708,-0.30721527956085604,2.868265089430666
0.18455349223638817,-0.30721527956085604,2.9351096510686476
0.24205989932055927,-0.30721527956085604,3.001954212706629
0.29956630640473036,-0.30721527956085604,3.0687987743446103
0.35707271348890124,-0.30721527956085604,3.135643335982592
0.41457912057307233,-0.30721527956085604,3.202487897620573
0.47208552765724343,-0.30721527956085604,3.269332459258555
0.5295919347414145,-0.30721527956085604,3.3361770208965362
0.5870983418255856,-0.30721527956085604,3.4030215825345183
0.6446047489097567,-0.30721527956085604,3.4698661441724994
0.7021111559939278,-0.30721527956085604,3.5367107058104805
0.7596175630780987,-0.30721527956085604,3.603555267448462
0.8171239701622698,-0.30721527956085604,3.6703998290864437
0.8746303772464409,-0.30721527956085604,3.7372443907244253
0.932136784330612,-0.30721527956085604,3.804088952362407
0.9896431914147831,-0.30721527956085604,3.870933514000388
1.047149598498954,-0.30721527956085604,3.9377780756383696
1.1046560055831254,-0.30721527956085604,4.004622637276351
1.1621624126672963,-0.30721527956085604,4.071467198914332
1.2196688197514676,-0.30721527956085604,4.138311760552315
1.2771752268356384,-0.30721527956085604,4.2051563221902954
1.3346816339198098,-0.30721527956085604,4.2720008838282775
1.3921880410039804,-0.30721527956085604,4.338845445466259
-0.8505618352786911,-0.17091995093881795,1.7372460626597392
-0.79305542819452,-0.17091995093881795,1.8073051354336491
-0.735549021110349,-0.17091995093881795,1.8773642082075588
-0.6780426140261779,-0.17091995093881795,1.9474232809814687
-0.6205362069420068,-0.17091995093881795,2.0174823537553785
-0.5630297998578357,-0.17091995093881795,2.087541426529288
-0.5055233927736646,-0.17091995093881795,2.1576004993031983
-0.44801698568949366,-0.17091995093881795,2.227659572077108
-0.39051057860532257,-0.17091995093881795,2.2977186448510176
-0.33300417152115147,-0.17091995093881795,2.3677777176249277
-0.2754977644369804,-0.17091995093881795,2.4378367903988374
-0.2179913573528094,-0.17091995093881795,2.507895863172747
-0.1604849502686383,-0.17091995093881795,2.577954935946657
-0.1029785431844672,-0.17091995093881795,2.648014008720567
-0.04547213610029621,-0.17091995093881795,2.7180730814944765
0.012034270983874884,-0.17091995093881795,2.7881321542683866
0.06954067806804598,-0.17091995093881795,2.8581912270422962
0.12704708515221708,-0.17091995093881795,2.9282502998162063
0.18455349223638817,-0.17091995093881795,2.998309372590116
0.24205989932055927,-0.17091995093881795,3.068368445364026
0.29956630640473036,-0.17091995093881795,3.1384275181379357
0.35707271348890124,-0.17091995093881795,3.2084865909118454
0.41457912057307233,-0.17091995093881795,3.278545663685755
0.47208552765724343,-0.17091995093881795,3.348604736459665
0.5295919347414145,-0.17091995093881795,3.418663809233575
0.5870983418255856,-0.17091995093881795,3.488722882007485
0.6446047489097567,-0.17091995093881795,3.5587819547813946
0.7021111559939278,-0.17091995093881795,3.6288410275553042
0.7596175630780987,-0.17091995093881795,3.698900100329214
0.8171239701622698,-0.17091995093881795,3.768959173103124
0.8746303772464409,-0.17091995093881795,3.8390182458770337
0.932136784330612,-0.17091995093881795,3.9090773186509438
0.9896431914147831,-0.17091995093881795,3.9791363914248525
1.047149598498954,-0.17091995093881795,4.049195464198762
1.1046560055831254,-0.17091995093881795,4.119254536972672
1.1621624126672963,-0.17091995093881795,4.1893136097465815
1.2196688197514676,-0.17091995093881795,4.2593726825204925
1.2771752268356384,-0.17091995093881795,4.329431755294402
1.3346816339198098,-0.17091995093881795,4.399490828068312
1.3921880410039804,-0.17091995093881795,4.469549900842221
-0.8505618352786911,-0.034624622316779874,1.7425845837344973
-0.79305542819452,-0.034624622316779874,1.8158581676443355
-0.735549021110349,-0.034624622316779874,1.8891317515541737
-0.6780426140261779,-0.034624622316779874,1.9624053354640119
-0.6205362069420068,-0.034624622316779874,2.0356789193738503
-0.5630297998578357,-0.034624622316779874,2.1089525032836884
-0.5055233927736646,-0.034624622316779874,2.1822260871935266
-0.44801698568949366,-0.034624622316779874,2.255499671103365
-0.39051057860532257,-0.034624622316779874,2.3287732550132025
-0.33300417152115147,-0.034624622316779874,2.402046838923041
-0.2754977644369804,-0.034624622316779874,2.475320422832879
-0.2179913573528094,-0.034624622316779874,2.548594006742717
-0.1604849502686383,-0.034624622316779874,2.6218675906525557
-0.1029785431844672,-0.034624622316779874,2.6951411745623934
-0.04547213610029621,-0.034624622316779874,2.7684147584722316
0.012034270983874884,-0.034624622316779874,2.84168834238207
0.06954067806804598,-0.034624622316779874,2.914961926291908
0.12704708515221708,-0.034624622316779874,2.9882355102017466
0.18455349223638817,-0.034624622316779874,3.0615090941115843
0.24205989932055927,-0.034624622316779874,3.134782678021423
0.29956630640473036,-0.034624622316779874,3.2080562619312607
0.35707271348890124,-0.034624622316779874,3.281329845841099
0.41457912057307233,-0.034624622316779874,3.3546034297509366
0.47208552765724343,-0.034624622316779874,3.4278770136607752
0.5295919347414145,-0.034624622316779874,3.5011505975706134
0.5870983418255856,-0.034624622316779874,3.5744241814804516
0.6446047489097567,-0.034624622316779874,3.64769776539029
0.7021111559939278,-0.034624622316779874,3.7209713493001275
0.7596175630780987,-0.034624622316779874,3.7942449332099657
0.8171239701622698,-0.034624622316779874,3.8675185171198043
0.8746303772464409,-0.034624622316779874,3.940792101029642
0.932136784330612,-0.034624622316779874,4.014065684939481
0.9896431914147831,-0.034624622316779874,4.087339268849318
1.047149598498954,-0.034624622316779874,4.160612852759156
1.1046560055831254,-0.034624622316779874,4.233886436668995
1.1621624126672963,-0.034624622316779874,4.3071600205788325
1.2196688197514676,-0.034624622316779874,4.380433604488672
1.2771752268356384,-0.034624622316779874,4.45370718839851
1.3346816339198098,-0.034624622316779874,4.526980772308348
1.3921880410039804,-0.034624622316779874,4.600254356218185
-0.8505618352786911,0.10167070630525821,1.7479231048092556
-0.79305542819452,0.10167070630525821,1.824411199855022
-0.735549021110349,0.10167070630525821,1.9008992949007883
-0.6780426140261779,0.10167070630525821,1.9773873899465553
-0.6205362069420068,0.10167070630525821,2.0538754849923215
-0.5630297998578357,0.10167070630525821,2.130363580038088
-0.5055233927736646,0.10167070630525821,2.2068516750838545
-0.44801698568949366,0.10167070630525821,2.283339770129621
-0.39051057860532257,0.10167070630525821,2.3598278651753875
-0.33300417152115147,0.10167070630525821,2.436315960221154
-0.2754977644369804,0.10167070630525821,2.5128040552669204
-0.2179913573528094,0.10167070630525821,2.5892921503126867
-0.1604849502686383,0.10167070630525821,2.6657802453584534
-0.1029785431844672,0.10167070630525821,2.74226834040422
-0.04547213610029621,0.10167070630525821,2.8187564354499863
0.012034270983874884,0.10167070630525821,2.895244530495753
0.06954067806804598,0.10167070630525821,2.9717326255415193
0.12704708515221708,0.10167070630525821,3.048220720587286
0.18455349223638817,0.10167070630525821,3.1247088156330523
0.24205989932055927,0.10167070630525821,3.2011969106788194
0.29956630640473036,0.10167070630525821,3.2776850057245857
0.35707271348890124,0.10167070630525821,3.354173100770352
0.41457912057307233,0.10167070630525821,3.430661195816118
0.47208552765724343,0.10167070630525821,3.507149290861885
0.5295919347414145,0.10167070630525821,3.583637385907651
0.5870983418255856,0.10167070630525821,3.6601254809534183
0.6446047489097567,0.10167070630525821,3.7366135759991845
0.7021111559939278,0.10167070630525821,3.813101671044951
0.7596175630780987,0.10167070630525821,3.889589766090717
0.8171239701622698,0.10167070630525821,3.9660778611364838
0.8746303772464409,0.10167070630525821,4.0425659561822505
0.932136784330612,0.10167070630525821,4.119054051228017
0.9896431914147831,0.10167070630525821,4.195542146273783
1.047149598498954,0.10167070630525821,4.272030241319549
1.1046560055831254,0.10167070630525821,4.348518336365316
1.1621624126672963,0.10167070630525821,4.425006431411083
1.2196688197514676,0.10167070630525821,4.50149452645685
1.2771752268356384,0.10167070630525821,4.577982621502616
1.3346816339198098,0.10167070630525821,4.654470716548382
1.3921880410039804,0.10167070630525821,4.7309588115941485
-0.8505618352786911,0.2379660349272963,1.7532616258840141
-0.79305542819452,0.2379660349272963,1.832964232065709
-0.735549021110349,0.2379660349272963,1.9126668382474035
-0.6780426140261779,0.2379660349272963,1.9923694444290982
-0.6205362069420068,0.2379660349272963,2.0720720506107932
-0.5630297998578357,0.2379660349272963,2.151774656792488
-0.5055233927736646,0.2379660349272963,2.2314772629741833
-0.44801698568949366,0.2379660349272963,2.3111798691558776
-0.39051057860532257,0.2379660349272963,2.3908824753375724
-0.33300417152115147,0.2379660349272963,2.4705850815192676
-0.2754977644369804,0.2379660349272963,2.5502876877009624
-0.2179913573528094,0.2379660349272963,2.6299902938826567
-0.1604849502686383,0.2379660349272963,2.709692900064352
-0.1029785431844672,0.2379660349272963,2.7893955062460467
-0.04547213610029621,0.2379660349272963,2.8690981124277415
0.012034270983874884,0.2379660349272963,2.9488007186094363
0.06954067806804598,0.2379660349272963,3.028503324791131
0.12704708515221708,0.2379660349272963,3.1082059309728263
0.18455349223638817,0.2379660349272963,3.187908537154521
0.24205989932055927,0.2379660349272963,3.267611143336216
0.29956630640473036,0.2379660349272963,3.3473137495179106
0.35707271348890124,0.2379660349272963,3.4270163556996054
0.41457912057307233,0.2379660349272963,3.5067189618813
0.47208552765724343,0.2379660349272963,3.586421568062995
0.5295919347414145,0.2379660349272963,3.6661241742446897
0.5870983418255856,0.2379660349272963,3.745826780426385
0.6446047489097567,0.2379660349272963,3.8255293866080797
0.7021111559939278,0.2379660349272963,3.905231992789774
0.7596175630780987,0.2379660349272963,3.984934598971469
0.8171239701622698,0.2379660349272963,4.064637205153164
0.8746303772464409,0.2379660349272963,4.144339811334858
0.932136784330612,0.2379660349272963,4.224042417516554
0.9896431914147831,0.2379660349272963,4.303745023698248
1.047149598498954,0.2379660349272963,4.383447629879942
1.1046560055831254,0.2379660349272963,4.4631502360616375
1.1621624126672963,0.2379660349272963,4.542852842243332
1.2196688197514676,0.2379660349272963,4.622555448425028
1.2771752268356384,0.2379660349272963,4.702258054606722
1.3346816339198098,0.2379660349272963,4.7819606607884175
1.3921880410039804,0.2379660349272963,4.861663266970112
-0.8505618352786911,0.37426136354933437,1.7586001469587722
-0.79305542819452,0.37426136354933437,1.8415172642763955
-0.735549021110349,0.37426136354933437,1.9244343815940181
-0.6780426140261779,0.37426136354933437,2.0073514989116417
-0.6205362069420068,0.37426136354933437,2.0902686162292645
-0.5630297998578357,0.37426136354933437,2.173185733546888
-0.5055233927736646,0.37426136354933437,2.256102850864511
-0.44801698568949366,0.37426136354933437,2.339019968182134
-0.39051057860532257,0.37426136354933437,2.4219370854997573
-0.33300417152115147,0.37426136354933437,2.5048542028173806
-0.2754977644369804,0.37426136354933437,2.5877713201350034
-0.2179913573528094,0.37426136354933437,2.6706884374526267
-0.1604849502686383,0.37426136354933437,2.75360555477025
-0.1029785431844672,0.37426136354933437,2.836522672087873
-0.04547213610029621,0.37426136354933437,2.919439789405496
0.012034270983874884,0.37426136354933437,3.0023569067231195
0.06954067806804598,0.37426136354933437,3.0852740240407424
0.12704708515221708,0.37426136354933437,3.168191141358366
0.18455349223638817,0.37426136354933437,3.251108258675989
0.24205989932055927,0.37426136354933437,3.3340253759936123
0.29956630640473036,0.37426136354933437,3.4169424933112356
0.35707271348890124,0.37426136354933437,3.4998596106288584
0.41457912057307233,0.37426136354933437,3.5827767279464813
0.47208552765724343,0.37426136354933437,3.6656938452641046
0.5295919347414145,0.37426136354933437,3.748610962581728
0.5870983418255856,0.37426136354933437,3.831528079899351
0.6446047489097567,0.37426136354933437,3.914445197216974
0.7021111559939278,0.37426136354933437,3.9973623145345973
0.7596175630780987,0.37426136354933437,4.080279431852221
0.8171239701622698,0.37426136354933437,4.163196549169844
0.8746303772464409,0.37426136354933437,4.246113666487467
0.932136784330612,0.37426136354933437,4.3290307838050905
0.9896431914147831,0.37426136354933437,4.411947901122713
1.047149598498954,0.37426136354933437,4.494865018440336
1.1046560055831254,0.37426136354933437,4.5777821357579604
1.1621624126672963,0.37426136354933437,4.660699253075583
1.2196688197514676,0.37426136354933437,4.743616370393207
1.2771752268356384,0.37426136354933437,4.8265334877108295
1.3346816339198098,0.37426136354933437,4.909450605028453
1.3921880410039804,0.37426136354933437,4.992367722346075
-0.8505618352786911,0.5105566921713725,1.7639386680335305
-0.79305542819452,0.5105566921713725,1.850070296487082
-0.735549021110349,0.5105566921713725,1.9362019249406333
-0.6780426140261779,0.5105566921713725,2.0223335533941853
-0.6205362069420068,0.5105566921713725,2.1084651818477367
-0.5630297998578357,0.5105566921713725,2.1945968103012876
-0.5055233927736646,0.5105566921713725,2.2807284387548394
-0.44801698568949366,0.5105566921713725,2.366860067208391
-0.39051057860532257,0.5105566921713725,2.452991695661942
-0.33300417152115147,0.5105566921713725,2.539123324115494
-0.2754977644369804,0.5105566921713725,2.6252549525690454
-0.2179913573528094,0.5105566921713725,2.7113865810225968
-0.1604849502686383,0.5105566921713725,2.7975182094761486
-0.1029785431844672,0.5105566921713725,2.8836498379297
-0.04547213610029621,0.5105566921713725,2.969781466383251
0.012034270983874884,0.5105566921713725,3.0559130948368027
0.06954067806804598,0.5105566921713725,3.142044723290354
0.12704708515221708,0.5105566921713725,3.228176351743906
0.18455349223638817,0.5105566921713725,3.3143079801974573
0.24205989932055927,0.5105566921713725,3.400439608651009
0.29956630640473036,0.5105566921713725,3.4865712371045605
0.35707271348890124,0.5105566921713725,3.572702865558112
0.41457912057307233,0.5105566921713725,3.6588344940116633
0.47208552765724343,0.5105566921713725,3.744966122465215
0.5295919347414145,0.5105566921713725,3.831097750918766
0.5870983418255856,0.5105566921713725,3.917229379372318
0.6446047489097567,0.5105566921713725,4.00336100782587
0.7021111559939278,0.5105566921713725,4.089492636279421
0.7596175630780987,0.5105566921713725,4.175624264732972
0.8171239701622698,0.5105566921713725,4.261755893186524
0.8746303772464409,0.5105566921713725,4.347887521640075
0.932136784330612,0.5105566921713725,4.434019150093627
0.9896431914147831,0.5105566921713725,4.520150778547178
1.047149598498954,0.5105566921713725,4.606282407000729
1.1046560055831254,0.5105566921713725,4.692414035454282
1.1621624126672963,0.5105566921713725,4.778545663907832
1.2196688197514676,0.5105566921713725,4.864677292361385
1.2771752268356384,0.5105566921713725,4.950808920814936
1.3346816339198098,0.5105566921713725,5.036940549268488
1.3921880410039804,0.5105566921713725,5.1230721777220385
-0.8505618352786911,0.6468520207934105,1.7692771891082886
-0.79305542819452,0.6468520207934105,1.8586233286977687
-0.735549021110349,0.6468520207934105,1.9479694682872484
-0.6780426140261779,0.6468520207934105,2.037315607876728
-0.6205362069420068,0.6468520207934105,2.1266617474662084
-0.5630297998578357,0.6468520207934105,2.216007887055688
-0.5055233927736646,0.6468520207934105,2.305354026645168
-0.44801698568949366,0.6468520207934105,2.3947001662346477
-0.39051057860532257,0.6468520207934105,2.4840463058241276
-0.33300417152115147,0.6468520207934105,2.5733924454136075
-0.2754977644369804,0.6468520207934105,2.662738585003087
-0.2179913573528094,0.6468520207934105,2.752084724592567
-0.1604849502686383,0.6468520207934105,2.8414308641820467
-0.1029785431844672,0.6468520207934105,2.9307770037715266
-0.04547213610029621,0.6468520207934105,3.020123143361006
0.012034270983874884,0.6468520207934105,3.1094692829504864
0.06954067806804598,0.6468520207934105,3.198815422539966
0.12704708515221708,0.6468520207934105,3.288161562129446
0.18455349223638817,0.6468520207934105,3.3775077017189257
0.24205989932055927,0.6468520207934105,3.466853841308406
0.29956630640473036,0.6468520207934105,3.5561999808978855
0.35707271348890124,0.6468520207934105,3.6455461204873654
0.41457912057307233,0.6468520207934105,3.734892260076845
0.47208552765724343,0.6468520207934105,3.824238399666325
0.5295919347414145,0.6468520207934105,3.9135845392558046
0.5870983418255856,0.6468520207934105,4.002930678845285
0.6446047489097567,0.6468520207934105,4.092276818434764
0.7021111559939278,0.6468520207934105,4.181622958024244
0.7596175630780987,0.6468520207934105,4.270969097613724
0.8171239701622698,0.6468520207934105,4.360315237203204
0.8746303772464409,0.6468520207934105,4.449661376792683
0.932136784330612,0.6468520207934105,4.5390075163821635
0.9896431914147831,0.6468520207934105,4.628353655971643
1.047149598498954,0.6468520207934105,4.717699795561122
1.1046560055831254,0.6468520207934105,4.807045935150603
1.1621624126672963,0.6468520207934105,4.896392074740082
1.2196688197514676,0.6468520207934105,4.985738214329563
1.2771752268356384,0.6468520207934105,5.075084353919042
1.3346816339198098,0.6468520207934105,5.164430493508522
1.3921880410039804,0.6468520207934105,5.253776633098002
-0.8505618352786911,0.7831473494154486,1.774615710183047
-0.79305542819452,0.7831473494154486,1.867176360908455
-0.735549021110349,0.7831473494154486,1.959737011633863
-0.6780426140261779,0.7831473494154486,2.0522976623592717
-0.6205362069420068,0.7831473494154486,2.1448583130846797
-0.5630297998578357,0.7831473494154486,2.2374189638100876
-0.5055233927736646,0.7831473494154486,2.329979614535496
-0.44801698568949366,0.7831473494154486,2.422540265260904
-0.39051057860532257,0.7831473494154486,2.515100915986312
-0.33300417152115147,0.7831473494154486,2.6076615667117204
-0.2754977644369804,0.7831473494154486,2.7002222174371284
-0.2179913573528094,0.7831473494154486,2.7927828681625364
-0.1604849502686383,0.7831473494154486,2.885343518887945
-0.1029785431844672,0.7831473494154486,2.977904169613353
-0.04547213610029621,0.7831473494154486,3.070464820338761
0.012034270983874884,0.7831473494154486,3.163025471064169
0.06954067806804598,0.7831473494154486,3.255586121789577
0.12704708515221708,0.7831473494154486,3.348146772514986
0.18455349223638817,0.7831473494154486,3.440707423240394
0.24205989932055927,0.7831473494154486,3.5332680739658024
0.29956630640473036,0.7831473494154486,3.6258287246912104
0.35707271348890124,0.7831473494154486,3.7183893754166184
0.41457912057307233,0.7831473494154486,3.8109500261420264
0.47208552765724343,0.7831473494154486,3.903510676867435
0.5295919347414145,0.7831473494154486,3.996071327592843
0.5870983418255856,0.7831473494154486,4.088631978318251
0.6446047489097567,0.7831473494154486,4.181192629043659
0.7021111559939278,0.7831473494154486,4.273753279769068
0.7596175630780987,0.7831473494154486,4.366313930494475
0.8171239701622698,0.7831473494154486,4.458874581219884
0.8746303772464409,0.7831473494154486,4.551435231945292
0.932136784330612,0.7831473494154486,4.6439958826707
0.9896431914147831,0.7831473494154486,4.736556533396108
1.047149598498954,0.7831473494154486,4.829117184121516
1.1046560055831254,0.7831473494154486,4.921677834846925
1.1621624126672963,0.7831473494154486,5.014238485572332
1.2196688197514676,0.7831473494154486,5.106799136297742
1.2771752268356384,0.7831473494154486,5.199359787023149
1.3346816339198098,0.7831473494154486,5.2919204377485585
1.3921880410039804,0.7831473494154486,5.384481088473965
-0.8505618352786911,0.9194426780374867,1.7799542312578056
-0.79305542819452,0.9194426780374867,1.8757293931191419
-0.735549021110349,0.9194426780374867,1.9715045549804782
-0.6780426140261779,0.9194426780374867,2.067279716841815
-0.6205362069420068,0.9194426780374867,2.1630548787031514
-0.5630297998578357,0.9194426780374867,2.2588300405644874
-0.5055233927736646,0.9194426780374867,2.3546052024258244
-0.44801698568949366,0.9194426780374867,2.450380364287161
-0.39051057860532257,0.9194426780374867,2.546155526148497
-0.33300417152115147,0.9194426780374867,2.641930688009834
-0.2754977644369804,0.9194426780374867,2.7377058498711704
-0.2179913573528094,0.9194426780374867,2.8334810117325064
-0.1604849502686383,0.9194426780374867,2.9292561735938434
-0.1029785431844672,0.9194426780374867,3.02503133545518
-0.04547213610029621,0.9194426780374867,3.120806497316516
0.012034270983874884,0.9194426780374867,3.216581659177853
0.06954067806804598,0.9194426780374867,3.3123568210391894
0.12704708515221708,0.9194426780374867,3.408131982900526
0.18455349223638817,0.9194426780374867,3.5039071447618624
0.24205989932055927,0.9194426780374867,3.5996823066231993
0.29956630640473036,0.9194426780374867,3.6954574684845354
0.35707271348890124,0.9194426780374867,3.791232630345872
0.41457912057307233,0.9194426780374867,3.887007792207208
0.47208552765724343,0.9194426780374867,3.982782954068545
0.5295919347414145,0.9194426780374867,4.078558115929881
0.5870983418255856,0.9194426780374867,4.174333277791218
0.6446047489097567,0.9194426780374867,4.270108439652554
0.7021111559939278,0.9194426780374867,4.36588360151389
0.7596175630780987,0.9194426780374867,4.461658763375228
0.8171239701622698,0.9194426780374867,4.557433925236563
0.8746303772464409,0.9194426780374867,4.6532090870979
0.932136784330612,0.9194426780374867,4.748984248959237
0.9896431914147831,0.9194426780374867,4.844759410820573
1.047149598498954,0.9194426780374867,4.940534572681909
1.1046560055831254,0.9194426780374867,5.036309734543247
1.1621624126672963,0.9194426780374867,5.132084896404582
1.2196688197514676,0.9194426780374867,5.22786005826592
1.2771752268356384,0.9194426780374867,5.323635220127256
1.3346816339198098,0.9194426780374867,5.419410381988593
1.3921880410039804,0.9194426780374867,5.515185543849928
-0.8505618352786911,1.0557380066595248,1.7852927523325635
-0.79305542819452,1.0557380066595248,1.8842824253298287
-0.735549021110349,1.0557380066595248,1.9832720983270933
-0.6780426140261779,1.0557380066595248,2.082261771324358
-0.6205362069420068,1.0557380066595248,2.181251444321623
-0.5630297998578357,1.0557380066595248,2.2802411173188877
-0.5055233927736646,1.0557380066595248,2.3792307903161527
-0.44801698568949366,1.0557380066595248,2.4782204633134177
-0.39051057860532257,1.0557380066595248,2.5772101363106823
-0.33300417152115147,1.0557380066595248,2.6761998093079473
-0.2754977644369804,1.0557380066595248,2.775189482305212
-0.2179913573528094,1.0557380066595248,2.8741791553024765
-0.1604849502686383,1.0557380066595248,2.973168828299742
-0.1029785431844672,1.0557380066595248,3.0721585012970065
-0.04547213610029621,1.0557380066595248,3.171148174294271
0.012034270983874884,1.0557380066595248,3.270137847291536
0.06954067806804598,1.0557380066595248,3.369127520288801
0.12704708515221708,1.0557380066595248,3.468117193286066
0.18455349223638817,1.0557380066595248,3.5671068662833307
0.24205989932055927,1.0557380066595248,3.6660965392805958
0.29956630640473036,1.0557380066595248,3.7650862122778608
0.35707271348890124,1.0557380066595248,3.8640758852751254
0.41457912057307233,1.0557380066595248,3.96306555827239
0.47208552765724343,1.0557380066595248,4.062055231269655
0.5295919347414145,1.0557380066595248,4.1610449042669195
0.5870983418255856,1.0557380066595248,4.260034577264184
0.6446047489097567,1.0557380066595248,4.35902425026145
0.7021111559939278,1.0557380066595248,4.458013923258714
0.7596175630780987,1.0557380066595248,4.557003596255979
0.8171239701622698,1.0557380066595248,4.655993269253244
0.8746303772464409,1.0557380066595248,4.754982942250508
0.932136784330612,1.0557380066595248,4.853972615247773
0.9896431914147831,1.0557380066595248,4.952962288245038
1.047149598498954,1.0557380066595248,5.0519519612423025
1.1046560055831254,1.0557380066595248,5.150941634239568
1.1621624126672963,1.0557380066595248,5.249931307236832
1.2196688197514676,1.0557380066595248,5.348920980234098
1.2771752268356384,1.0557380066595248,5.447910653231363
1.3346816339198098,1.0557380066595248,5.546900326228627
1.3921880410039804,1.0557380066595248,5.645889999225892
-0.8505618352786911,1.1920333352815624,1.7906312734073218
-0.79305542819452,1.1920333352815624,1.892835457540515
-0.735549021110349,1.1920333352815624,1.9950396416737082
-0.6780426140261779,1.1920333352815624,2.0972438258069013
-0.6205362069420068,1.1920333352815624,2.1994480099400944
-0.5630297998578357,1.1920333352815624,2.3016521940732875
-0.5055233927736646,1.1920333352815624,2.403856378206481
-0.44801698568949366,1.1920333352815624,2.506060562339674
-0.39051057860532257,1.1920333352815624,2.6082647464728668
-0.33300417152115147,1.1920333352815624,2.7104689306060603
-0.2754977644369804,1.1920333352815624,2.8126731147392534
-0.2179913573528094,1.1920333352815624,2.9148772988724465
-0.1604849502686383,1.1920333352815624,3.01708148300564
-0.1029785431844672,1.1920333352815624,3.1192856671388327
-0.04547213610029621,1.1920333352815624,3.221489851272026
0.012034270983874884,1.1920333352815624,3.3236940354052193
0.06954067806804598,1.1920333352815624,3.4258982195384124
0.12704708515221708,1.1920333352815624,3.5281024036716055
0.18455349223638817,1.1920333352815624,3.6303065878047986
0.24205989932055927,1.1920333352815624,3.732510771937992
0.29956630640473036,1.1920333352815624,3.8347149560711853
0.35707271348890124,1.1920333352815624,3.936919140204378
0.41457912057307233,1.1920333352815624,4.039123324337571
0.47208552765724343,1.1920333352815624,4.141327508470765
0.5295919347414145,1.1920333352815624,4.243531692603957
0.5870983418255856,1.1920333352815624,4.345735876737151
0.6446047489097567,1.1920333352815624,4.447940060870344
0.7021111559939278,1.1920333352815624,4.550144245003537
0.7596175630780987,1.1920333352815624,4.65234842913673
0.8171239701622698,1.1920333352815624,4.754552613269923
0.8746303772464409,1.1920333352815624,4.856756797403116
0.932136784330612,1.1920333352815624,4.958960981536309
0.9896431914147831,1.1920333352815624,5.061165165669502
1.047149598498954,1.1920333352815624,5.163369349802696
1.1046560055831254,1.1920333352815624,5.265573533935889
1.1621624126672963,1.1920333352815624,5.367777718069082
1.2196688197514676,1.1920333352815624,5.469981902202276
1.2771752268356384,1.1920333352815624,5.572186086335469
1.3346816339198098,1.1920333352815624,5.6743902704686615
1.3921880410039804,1.1920333352815624,5.776594454601854
-0.8505618352786911,1.3283286639036005,1.79596979448208
-0.79305542819452,1.3283286639036005,1.9013884897512014
-0.735549021110349,1.3283286639036005,2.0068071850203233
-0.6780426140261779,1.3283286639036005,2.1122258802894445
-0.6205362069420068,1.3283286639036005,2.217644575558566
-0.5630297998578357,1.3283286639036005,2.3230632708276877
-0.5055233927736646,1.3283286639036005,2.4284819660968093
-0.44801698568949366,1.3283286639036005,2.53390066136593
-0.39051057860532257,1.3283286639036005,2.639319356635052
-0.33300417152115147,1.3283286639036005,2.7447380519041737
-0.2754977644369804,1.3283286639036005,2.850156747173295
-0.2179913573528094,1.3283286639036005,2.9555754424424165
-0.1604849502686383,1.3283286639036005,3.060994137711538
-0.1029785431844672,1.3283286639036005,3.1664128329806593
-0.04547213610029621,1.3283286639036005,3.271831528249781
0.012034270983874884,1.3283286639036005,3.3772502235189026
0.06954067806804598,1.3283286639036005,3.4826689187880238
0.12704708515221708,1.3283286639036005,3.5880876140571454
0.18455349223638817,1.3283286639036005,3.693506309326267
0.24205989932055927,1.3283286639036005,3.798925004595389
0.29956630640473036,1.3283286639036005,3.90434369986451
0.35707271348890124,1.3283286639036005,4.009762395133632
0.41457912057307233,1.3283286639036005,4.115181090402753
0.47208552765724343,1.3283286639036005,4.220599785671874
0.5295919347414145,1.3283286639036005,4.326018480940996
0.5870983418255856,1.3283286639036005,4.4314371762101175
0.6446047489097567,1.3283286639036005,4.536855871479239
0.7021111559939278,1.3283286639036005,4.642274566748361
0.7596175630780987,1.3283286639036005,4.747693262017481
0.8171239701622698,1.3283286639036005,4.853111957286603
0.8746303772464409,1.3283286639036005,4.958530652555725
0.932136784330612,1.3283286639036005,5.063949347824847
0.9896431914147831,1.3283286639036005,5.169368043093968
1.047149598498954,1.3283286639036005,5.2747867383630895
1.1046560055831254,1.3283286639036005,5.380205433632211
1.1621624126672963,1.3283286639036005,5.485624128901332
1.2196688197514676,1.3283286639036005,5.591042824170454
1.2771752268356384,1.3283286639036005,5.696461519439576
1.3346816339198098,1.3283286639036005,5.801880214708698
1.3921880410039804,1.3283286639036005,5.907298909977818
-0.8505618352786911,1.4646239925256386,1.8013083155568386
-0.79305542819452,1.4646239925256386,1.9099415219618883
-0.735549021110349,1.4646239925256386,2.018574728366938
-0.6780426140261779,1.4646239925256386,2.127207934771988
-0.6205362069420068,1.4646239925256386,2.235841141177038
-0.5630297998578357,1.4646239925256386,2.3444743475820875
-0.5055233927736646,1.4646239925256386,2.453107553987137
-0.44801698568949366,1.4646239925256386,2.561740760392187
-0.39051057860532257,1.4646239925256386,2.6703739667972366
-0.33300417152115147,1.4646239925256386,2.7790071732022867
-0.2754977644369804,1.4646239925256386,2.8876403796073364
-0.2179913573528094,1.4646239925256386,2.996273586012386
-0.1604849502686383,1.4646239925256386,3.1049067924174363
-0.1029785431844672,1.4646239925256386,3.213539998822486
-0.04547213610029621,1.4646239925256386,3.3221732052275357
0.012034270983874884,1.4646239925256386,3.430806411632586
0.06954067806804598,1.4646239925256386,3.5394396180376355
0.12704708515221708,1.4646239925256386,3.6480728244426857
0.18455349223638817,1.4646239925256386,3.7567060308477354
0.24205989932055927,1.4646239925256386,3.8653392372527855
0.29956630640473036,1.4646239925256386,3.973972443657835
0.35707271348890124,1.4646239925256386,4.0826056500628845
0.41457912057307233,1.4646239925256386,4.191238856467934
0.47208552765724343,1.4646239925256386,4.299872062872985
0.5295919347414145,1.4646239925256386,4.408505269278034
0.5870983418255856,1.4646239925256386,4.517138475683084
0.6446047489097567,1.4646239925256386,4.625771682088135
0.7021111559939278,1.4646239925256386,4.7344048884931835
0.7596175630780987,1.4646239925256386,4.843038094898232
0.8171239701622698,1.4646239925256386,4.951671301303284
0.8746303772464409,1.4646239925256386,5.060304507708333
0.932136784330612,1.4646239925256386,5.168937714113383
0.9896431914147831,1.4646239925256386,5.277570920518432
1.047149598498954,1.4646239925256386,5.386204126923483
1.1046560055831254,1.4646239925256386,5.494837333328532
1.1621624126672963,1.4646239925256386,5.603470539733582
1.2196688197514676,1.4646239925256386,5.712103746138633
1.2771752268356384,1.4646239925256386,5.820736952543682
1.3346816339198098,1.4646239925256386,5.929370158948732
1.3921880410039804,1.4646239925256386,6.038003365353782
-0.8505618352786911,1.6009193211476767,1.8066468366315966
-0.79305542819452,1.6009193211476767,1.9184945541725749
-0.735549021110349,1.6009193211476767,2.030342271713553
-0.6780426140261779,1.6009193211476767,2.142189989254531
-0.6205362069420068,1.6009193211476767,2.2540377067955095
-0.5630297998578357,1.6009193211476767,2.3658854243364873
-0.5055233927736646,1.6009193211476767,2.477733141877466
-0.44801698568949366,1.6009193211476767,2.5895808594184437
-0.39051057860532257,1.6009193211476767,2.701428576959422
-0.33300417152115147,1.6009193211476767,2.8132762945004
-0.2754977644369804,1.6009193211476767,2.9251240120413784
-0.2179913573528094,1.6009193211476767,3.036971729582356
-0.1604849502686383,1.6009193211476767,3.148819447123335
-0.1029785431844672,1.6009193211476767,3.2606671646643126
-0.04547213610029621,1.6009193211476767,3.372514882205291
0.012034270983874884,1.6009193211476767,3.484362599746269
0.06954067806804598,1.6009193211476767,3.5962103172872473
0.12704708515221708,1.6009193211476767,3.7080580348282255
0.18455349223638817,1.6009193211476767,3.8199057523692037
0.24205989932055927,1.6009193211476767,3.9317534699101824
0.29956630640473036,1.6009193211476767,4.04360118745116
0.35707271348890124,1.6009193211476767,4.155448904992138
0.41457912057307233,1.6009193211476767,4.267296622533116
0.47208552765724343,1.6009193211476767,4.379144340074094
0.5295919347414145,1.6009193211476767,4.490992057615072
0.5870983418255856,1.6009193211476767,4.602839775156051
0.6446047489097567,1.6009193211476767,4.7146874926970295
0.7021111559939278,1.6009193211476767,4.826535210238006
0.7596175630780987,1.6009193211476767,4.938382927778985
0.8171239701622698,1.6009193211476767,5.050230645319964
0.8746303772464409,1.6009193211476767,5.162078362860941
0.932136784330612,1.6009193211476767,5.273926080401919
0.9896431914147831,1.6009193211476767,5.385773797942897
1.047149598498954,1.6009193211476767,5.497621515483876
1.1046560055831254,1.6009193211476767,5.609469233024854
1.1621624126672963,1.6009193211476767,5.721316950565831
1.2196688197514676,1.6009193211476767,5.833164668106811
1.2771752268356384,1.6009193211476767,5.9450123856477886
1.3346816339198098,1.6009193211476767,6.056860103188767
1.3921880410039804,1.6009193211476767,6.168707820729744
-0.8505618352786911,1.7372146497697147,1.8119853577063552
-0.79305542819452,1.7372146497697147,1.9270475863832612
-0.735549021110349,1.7372146497697147,2.0421098150601678
-0.6780426140261779,1.7372146497697147,2.1571720437370745
-0.6205362069420068,1.7372146497697147,2.272234272413981
-0.5630297998578357,1.7372146497697147,2.3872965010908875
-0.5055233927736646,1.7372146497697147,2.5023587297677943
-0.44801698568949366,1.7372146497697147,2.6174209584447
-0.39051057860532257,1.7372146497697147,2.732483187121607
-0.33300417152115147,1.7372146497697147,2.8475454157985136
-0.2754977644369804,1.7372146497697147,2.96260764447542
-0.2179913573528094,1.7372146497697147,3.0776698731523267
-0.1604849502686383,1.7372146497697147,3.1927321018292334
-0.1029785431844672,1.7372146497697147,3.3077943305061392
-0.04547213610029621,1.7372146497697147,3.422856559183046
0.012034270983874884,1.7372146497697147,3.5379187878599527
0.06954067806804598,1.7372146497697147,3.6529810165368586
0.12704708515221708,1.7372146497697147,3.7680432452137653
0.18455349223638817,1.7372146497697147,3.883105473890672
0.24205989932055927,1.7372146497697147,3.998167702567579
0.29956630640473036,1.7372146497697147,4.113229931244485
0.35707271348890124,1.7372146497697147,4.228292159921391
0.41457912057307233,1.7372146497697147,4.343354388598297
0.47208552765724343,1.7372146497697147,4.458416617275204
0.5295919347414145,1.7372146497697147,4.573478845952111
0.5870983418255856,1.7372146497697147,4.6885410746290175
0.6446047489097567,1.7372146497697147,4.803603303305923
0.7021111559939278,1.7372146497697147,4.918665531982831
0.7596175630780987,1.7372146497697147,5.033727760659737
0.8171239701622698,1.7372146497697147,5.148789989336644
0.8746303772464409,1.7372146497697147,5.26385221801355
0.932136784330612,1.7372146497697147,5.378914446690457
0.9896431914147831,1.7372146497697147,5.493976675367363
1.047149598498954,1.7372146497697147,5.60903890404427
1.1046560055831254,1.7372146497697147,5.724101132721176
1.1621624126672963,1.7372146497697147,5.839163361398082
1.2196688197514676,1.7372146497697147,5.95422559007499
1.2771752268356384,1.7372146497697147,6.069287818751896
1.3346816339198098,1.7372146497697147,6.1843500474288025
1.3921880410039804,1.7372146497697147,6.299412276105708
-0.8505618352786911,1.8735099783917528,1.8173238787811135
-0.79305542819452,1.8735099783917528,1.935600618593948
-0.735549021110349,1.8735099783917528,2.0538773584067824
-0.6780426140261779,1.8735099783917528,2.1721540982196177
-0.6205362069420068,1.8735099783917528,2.2904308380324525
-0.5630297998578357,1.8735099783917528,2.4087075778452873
-0.5055233927736646,1.8735099783917528,2.526984317658122
-0.44801698568949366,1.8735099783917528,2.645261057470957
-0.39051057860532257,1.8735099783917528,2.763537797283792
-0.33300417152115147,1.8735099783917528,2.8818145370966266
-0.2754977644369804,1.8735099783917528,3.0000912769094614
-0.2179913573528094,1.8735099783917528,3.1183680167222962
-0.1604849502686383,1.8735099783917528,3.236644756535131
-0.1029785431844672,1.8735099783917528,3.354921496347966
-0.04547213610029621,1.8735099783917528,3.4731982361608007
0.012034270983874884,1.8735099783917528,3.5914749759736355
0.06954067806804598,1.8735099783917528,3.7097517157864703
0.12704708515221708,1.8735099783917528,3.8280284555993056
0.18455349223638817,1.8735099783917528,3.9463051954121404
0.24205989932055927,1.8735099783917528,4.064581935224975
0.29956630640473036,1.8735099783917528,4.18285867503781
0.35707271348890124,1.8735099783917528,4.301135414850645
0.41457912057307233,1.8735099783917528,4.419412154663479
0.47208552765724343,1.8735099783917528,4.5376888944763145
0.5295919347414145,1.8735099783917528,4.655965634289149
0.5870983418255856,1.8735099783917528,4.774242374101984
0.6446047489097567,1.8735099783917528,4.892519113914819
0.7021111559939278,1.8735099783917528,5.010795853727654
0.7596175630780987,1.8735099783917528,5.129072593540488
0.8171239701622698,1.8735099783917528,5.247349333353323
0.8746303772464409,1.8735099783917528,5.365626073166158
0.932136784330612,1.8735099783917528,5.483902812978993
0.9896431914147831,1.8735099783917528,5.602179552791827
1.047149598498954,1.8735099783917528,5.720456292604663
1.1046560055831254,1.8735099783917528,5.8387330324174975
1.1621624126672963,1.8735099783917528,5.9570097722303315
1.2196688197514676,1.8735099783917528,6.075286512043168
1.2771752268356384,1.8735099783917528,6.193563251856002
1.3346816339198098,1.8735099783917528,6.311839991668838
1.3921880410039804,1.8735099783917528,6.430116731481672
-0.8505618352786911,2.009805307013791,1.8226623998558713
-0.79305542819452,2.009805307013791,1.9441536508046349
-0.735549021110349,2.009805307013791,2.065644901753398
-0.6780426140261779,2.009805307013791,2.187136152702161
-0.6205362069420068,2.009805307013791,2.3086274036509242
-0.5630297998578357,2.009805307013791,2.4301186545996876
-0.5055233927736646,2.009805307013791,2.551609905548451
-0.44801698568949366,2.009805307013791,2.673101156497214
-0.39051057860532257,2.009805307013791,2.7945924074459767
-0.33300417152115147,2.009805307013791,2.91608365839474
-0.2754977644369804,2.009805307013791,3.0375749093435034
-0.2179913573528094,2.009805307013791,3.1590661602922663
-0.1604849502686383,2.009805307013791,3.2805574112410296
-0.1029785431844672,2.009805307013791,3.4020486621897925
-0.04547213610029621,2.009805307013791,3.523539913138556
0.012034270983874884,2.009805307013791,3.645031164087319
0.06954067806804598,2.009805307013791,3.766522415036082
0.12704708515221708,2.009805307013791,3.8880136659848454
0.18455349223638817,2.009805307013791,4.009504916933609
0.24205989932055927,2.009805307013791,4.130996167882373
0.29956630640473036,2.009805307013791,4.2524874188311355
0.35707271348890124,2.009805307013791,4.3739786697798975
0.41457912057307233,2.009805307013791,4.495469920728661
0.47208552765724343,2.009805307013791,4.616961171677424
0.5295919347414145,2.009805307013791,4.738452422626187
0.5870983418255856,2.009805307013791,4.859943673574951
0.6446047489097567,2.009805307013791,4.981434924523714
0.7021111559939278,2.009805307013791,5.102926175472477
0.7596175630780987,2.009805307013791,5.22441742642124
0.8171239701622698,2.009805307013791,5.345908677370003
0.8746303772464409,2.009805307013791,5.467399928318766
0.932136784330612,2.009805307013791,5.588891179267529
0.9896431914147831,2.009805307013791,5.710382430216292
1.047149598498954,2.009805307013791,5.831873681165055
1.1046560055831254,2.009805307013791,5.95336493211382
1.1621624126672963,2.009805307013791,6.074856183062582
1.2196688197514676,2.009805307013791,6.196347434011346
1.2771752268356384,2.009805307013791,6.317838684960108
1.3346816339198098,2.009805307013791,6.439329935908872
1.3921880410039804,2.009805307013791,6.560821186857634
-0.8505618352786911,2.1461006356358294,1.8280009209306298
-0.79305542819452,2.1461006356358294,1.9527066830153215
-0.735549021110349,2.1461006356358294,2.0774124451000127
-0.6780426140261779,2.1461006356358294,2.202118207184704
-0.6205362069420068,2.1461006356358294,2.326823969269396
-0.5630297998578357,2.1461006356358294,2.4515297313540874
-0.5055233927736646,2.1461006356358294,2.5762354934387792
-0.44801698568949366,2.1461006356358294,2.70094125552347
-0.39051057860532257,2.1461006356358294,2.825647017608162
-0.33300417152115147,2.1461006356358294,2.9503527796928535
-0.2754977644369804,2.1461006356358294,3.075058541777545
-0.2179913573528094,2.1461006356358294,3.1997643038622363
-0.1604849502686383,2.1461006356358294,3.324470065946928
-0.1029785431844672,2.1461006356358294,3.4491758280316196
-0.04547213610029621,2.1461006356358294,3.5738815901163106
0.012034270983874884,2.1461006356358294,3.6985873522010024
0.06954067806804598,2.1461006356358294,3.823293114285694
0.12704708515221708,2.1461006356358294,3.9479988763703857
0.18455349223638817,2.1461006356358294,4.072704638455077
0.24205989932055927,2.1461006356358294,4.197410400539769
0.29956630640473036,2.1461006356358294,4.32211616262446
0.35707271348890124,2.1461006356358294,4.446821924709152
0.41457912057307233,2.1461006356358294,4.571527686793843
0.47208552765724343,2.1461006356358294,4.696233448878535
0.5295919347414145,2.1461006356358294,4.8209392109632265
0.5870983418255856,2.1461006356358294,4.9456449730479175
0.6446047489097567,2.1461006356358294,5.0703507351326085
0.7021111559939278,2.1461006356358294,5.195056497217301
0.7596175630780987,2.1461006356358294,5.319762259301991
0.8171239701622698,2.1461006356358294,5.444468021386683
0.8746303772464409,2.1461006356358294,5.569173783471375
0.932136784330612,2.1461006356358294,5.693879545556067
0.9896431914147831,2.1461006356358294,5.818585307640758
1.047149598498954,2.1461006356358294,5.94329106972545
1.1046560055831254,2.1461006356358294,6.067996831810142
1.1621624126672963,2.1461006356358294,6.192702593894833
1.2196688197514676,2.1461006356358294,6.317408355979525
1.2771752268356384,2.1461006356358294,6.442114118064216
1.3346816339198098,2.1461006356358294,6.566819880148908
1.3921880410039804,2.1461006356358294,6.691525642233598
-0.8505618352786911,2.282395964257867,1.8333394420053883
-0.79305542819452,2.282395964257867,1.9612597152260078
-0.735549021110349,2.282395964257867,2.0891799884466273
-0.6780426140261779,2.282395964257867,2.2171002616672477
-0.6205362069420068,2.282395964257867,2.345020534887867
-0.5630297998578357,2.282395964257867,2.472940808108487
-0.5055233927736646,2.282395964257867,2.600861081329107
-0.44801698568949366,2.282395964257867,2.728781354549727
-0.39051057860532257,2.282395964257867,2.8567016277703465
-0.33300417152115147,2.282395964257867,2.984621900990967
-0.2754977644369804,2.282395964257867,3.1125421742115864
-0.2179913573528094,2.282395964257867,3.240462447432206
-0.1604849502686383,2.282395964257867,3.3683827206528263
-0.1029785431844672,2.282395964257867,3.496302993873446
-0.04547213610029621,2.282395964257867,3.6242232670940653
0.012034270983874884,2.282395964257867,3.7521435403146857
0.06954067806804598,2.282395964257867,3.880063813535305
0.12704708515221708,2.282395964257867,4.0079840867559255
0.18455349223638817,2.282395964257867,4.1359043599765455
0.24205989932055927,2.282395964257867,4.263824633197165
0.29956630640473036,2.282395964257867,4.391744906417785
0.35707271348890124,2.282395964257867,4.519665179638404
0.41457912057307233,2.282395964257867,4.6475854528590235
0.47208552765724343,2.282395964257867,4.775505726079645
0.5295919347414145,2.282395964257867,4.903425999300264
0.5870983418255856,2.282395964257867,5.031346272520884
0.6446047489097567,2.282395964257867,5.159266545741504
0.7021111559939278,2.282395964257867,5.287186818962123
0.7596175630780987,2.282395964257867,5.415107092182742
0.8171239701622698,2.282395964257867,5.543027365403364
0.8746303772464409,2.282395964257867,5.670947638623983
0.932136784330612,2.282395964257867,5.798867911844603
0.9896431914147831,2.282395964257867,5.926788185065222
1.047149598498954,2.282395964257867,6.054708458285843
1.1046560055831254,2.282395964257867,6.182628731506463
1.1621624126672963,2.282395964257867,6.310549004727082
1.2196688197514676,2.282395964257867,6.4384692779477035
1.2771752268356384,2.282395964257867,6.566389551168323
1.3346816339198098,2.282395964257867,6.6943098243889425
1.3921880410039804,2.282395964257867,6.822230097609562
-0.8505618352786911,2.4186912928799047,1.8386779630801464
-0.79305542819452,2.4186912928799047,1.9698127474366944
-0.735549021110349,2.4186912928799047,2.1009475317932425
-0.6780426140261779,2.4186912928799047,2.232082316149791
-0.6205362069420068,2.4186912928799047,2.363217100506339
-0.5630297998578357,2.4186912928799047,2.494351884862887
-0.5055233927736646,2.4186912928799047,2.6254866692194354
-0.44801698568949366,2.4186912928799047,2.7566214535759834
-0.39051057860532257,2.4186912928799047,2.8877562379325314
-0.33300417152115147,2.4186912928799047,3.01889102228908
-0.2754977644369804,2.4186912928799047,3.150025806645628
-0.2179913573528094,2.4186912928799047,3.281160591002176
-0.1604849502686383,2.4186912928799047,3.412295375358724
-0.1029785431844672,2.4186912928799047,3.543430159715272
-0.04547213610029621,2.4186912928799047,3.67456494407182
0.012034270983874884,2.4186912928799047,3.8056997284283685
0.06954067806804598,2.4186912928799047,3.9368345127849165
0.12704708515221708,2.4186912928799047,4.067969297141465
0.18455349223638817,2.4186912928799047,4.199104081498013
0.24205989932055927,2.4186912928799047,4.330238865854562
0.29956630640473036,2.4186912928799047,4.46137365021111
0.35707271348890124,2.4186912928799047,4.592508434567657
0.41457912057307233,2.4186912928799047,4.723643218924206
0.47208552765724343,2.4186912928799047,4.854778003280755
0.5295919347414145,2.4186912928799047,4.985912787637302
0.5870983418255856,2.4186912928799047,5.117047571993851
0.6446047489097567,2.4186912928799047,5.248182356350399
0.7021111559939278,2.4186912928799047,5.379317140706947
0.7596175630780987,2.4186912928799047,5.510451925063495
0.8171239701622698,2.4186912928799047,5.641586709420043
0.8746303772464409,2.4186912928799047,5.772721493776591
0.932136784330612,2.4186912928799047,5.903856278133139
0.9896431914147831,2.4186912928799047,6.034991062489687
1.047149598498954,2.4186912928799047,6.166125846846235
1.1046560055831254,2.4186912928799047,6.297260631202784
1.1621624126672963,2.4186912928799047,6.428395415559331
1.2196688197514676,2.4186912928799047,6.559530199915881
1.2771752268356384,2.4186912928799047,6.690664984272429
1.3346816339198098,2.4186912928799047,6.821799768628977
1.3921880410039804,2.4186912928799047,6.952934552985524
-0.8505618352786911,2.5549866215019432,1.8440164841549047
-0.79305542819452,2.5549866215019432,1.978365779647381
-0.735549021110349,2.5549866215019432,2.112715075139857
-0.6780426140261779,2.5549866215019432,2.247064370632334
-0.6205362069420068,2.5549866215019432,2.3814136661248106
-0.5630297998578357,2.5549866215019432,2.5157629616172867
-0.5055233927736646,2.5549866215019432,2.6501122571097637
-0.44801698568949366,2.5549866215019432,2.78446155260224
-0.39051057860532257,2.5549866215019432,2.9188108480947164
-0.33300417152115147,2.5549866215019432,3.053160143587193
-0.2754977644369804,2.5549866215019432,3.1875094390796694
-0.2179913573528094,2.5549866215019432,3.321858734572146
-0.1604849502686383,2.5549866215019432,3.4562080300646225
-0.1029785431844672,2.5549866215019432,3.590557325557099
-0.04547213610029621,2.5549866215019432,3.724906621049575
0.012034270983874884,2.5549866215019432,3.859255916542052
0.06954067806804598,2.5549866215019432,3.9936052120345282
0.12704708515221708,2.5549866215019432,4.127954507527005
0.18455349223638817,2.5549866215019432,4.262303803019482
0.24205989932055927,2.5549866215019432,4.396653098511959
0.29956630640473036,2.5549866215019432,4.531002394004435
0.35707271348890124,2.5549866215019432,4.665351689496911
0.41457912057307233,2.5549866215019432,4.7997009849893875
0.47208552765724343,2.5549866215019432,4.9340502804818644
0.5295919347414145,2.5549866215019432,5.068399575974341
0.5870983418255856,2.5549866215019432,5.2027488714668175
0.6446047489097567,2.5549866215019432,5.337098166959294
0.7021111559939278,2.5549866215019432,5.471447462451771
0.7596175630780987,2.5549866215019432,5.605796757944246
0.8171239701622698,2.5549866215019432,5.740146053436723
0.8746303772464409,2.5549866215019432,5.8744953489292
0.932136784330612,2.5549866215019432,6.008844644421677
0.9896431914147831,2.5549866215019432,6.143193939914153
1.047149598498954,2.5549866215019432,6.277543235406629
1.1046560055831254,2.5549866215019432,6.411892530899106
1.1621624126672963,2.5549866215019432,6.546241826391582
1.2196688197514676,2.5549866215019432,6.68059112188406
1.2771752268356384,2.5549866215019432,6.814940417376536
1.3346816339198098,2.5549866215019432,6.949289712869013
1.3921880410039804,2.5549866215019432,7.083639008361488
-0.8505618352786911,2.691281950123981,1.849355005229663
-0.79305542819452,2.691281950123981,1.9869188118580676
-0.735549021110349,2.691281950123981,2.1244826184864722
-0.6780426140261779,2.691281950123981,2.2620464251148773
-0.6205362069420068,2.691281950123981,2.399610231743282
-0.5630297998578357,2.691281950123981,2.537174038371687
-0.5055233927736646,2.691281950123981,2.6747378450000925
-0.44801698568949366,2.691281950123981,2.812301651628496
-0.39051057860532257,2.691281950123981,2.9498654582569017
-0.33300417152115147,2.691281950123981,3.087429264885307
-0.2754977644369804,2.691281950123981,3.224993071513711
-0.2179913573528094,2.691281950123981,3.362556878142116
-0.1604849502686383,2.691281950123981,3.500120684770521
-0.1029785431844672,2.691281950123981,3.6376844913989252
-0.04547213610029621,2.691281950123981,3.7752482980273303
0.012034270983874884,2.691281950123981,3.9128121046557354
0.06954067806804598,2.691281950123981,4.0503759112841395
0.12704708515221708,2.691281950123981,4.187939717912545
0.18455349223638817,2.691281950123981,4.32550352454095
0.24205989932055927,2.691281950123981,4.463067331169356
0.29956630640473036,2.691281950123981,4.60063113779776
0.35707271348890124,2.691281950123981,4.738194944426164
0.41457912057307233,2.691281950123981,4.875758751054569
0.47208552765724343,2.691281950123981,5.013322557682974
0.5295919347414145,2.691281950123981,5.150886364311379
0.5870983418255856,2.691281950123981,5.288450170939784
0.6446047489097567,2.691281950123981,5.426013977568188
0.7021111559939278,2.691281950123981,5.563577784196593
0.7596175630780987,2.691281950123981,5.701141590824998
0.8171239701622698,2.691281950123981,5.838705397453403
0.8746303772464409,2.691281950123981,5.976269204081808
0.932136784330612,2.691281950123981,6.113833010710213
0.9896431914147831,2.691281950123981,6.251396817338617
1.047149598498954,2.691281950123981,6.388960623967022
1.1046560055831254,2.691281950123981,6.526524430595428
1.1621624126672963,2.691281950123981,6.664088237223831
1.2196688197514676,2.691281950123981,6.801652043852238
1.2771752268356384,2.691281950123981,6.939215850480642
1.3346816339198098,2.691281950123981,7.076779657109047
1.3921880410039804,2.691281950123981,7.2143434637374515
-0.8505618352786911,2.8275772787460194,1.854693526304421
-0.79305542819452,2.8275772787460194,1.9954718440687547
-0.735549021110349,2.8275772787460194,2.136250161833087
-0.6780426140261779,2.8275772787460194,2.2770284795974205
-0.6205362069420068,2.8275772787460194,2.417806797361754
-0.5630297998578357,2.8275772787460194,2.5585851151260868
-0.5055233927736646,2.8275772787460194,2.6993634328904204
-0.44801698568949366,2.8275772787460194,2.8401417506547535
-0.39051057860532257,2.8275772787460194,2.980920068419086
-0.33300417152115147,2.8275772787460194,3.1216983861834198
-0.2754977644369804,2.8275772787460194,3.262476703947753
-0.2179913573528094,2.8275772787460194,3.4032550217120856
-0.1604849502686383,2.8275772787460194,3.544033339476419
-0.1029785431844672,2.8275772787460194,3.6848116572407523
-0.04547213610029621,2.8275772787460194,3.825589975005085
0.012034270983874884,2.8275772787460194,3.9663682927694186
0.06954067806804598,2.8275772787460194,4.107146610533752
0.12704708515221708,2.8275772787460194,4.247924928298086
0.18455349223638817,2.8275772787460194,4.388703246062418
0.24205989932055927,2.8275772787460194,4.529481563826751
0.29956630640473036,2.8275772787460194,4.670259881591085
0.35707271348890124,2.8275772787460194,4.811038199355417
0.41457912057307233,2.8275772787460194,4.951816517119751
0.47208552765724343,2.8275772787460194,5.092594834884085
0.5295919347414145,2.8275772787460194,5.233373152648417
0.5870983418255856,2.8275772787460194,5.374151470412751
0.6446047489097567,2.8275772787460194,5.514929788177084
0.7021111559939278,2.8275772787460194,5.655708105941416
0.7596175630780987,2.8275772787460194,5.79648642370575
0.8171239701622698,2.8275772787460194,5.937264741470083
0.8746303772464409,2.8275772787460194,6.078043059234416
0.932136784330612,2.8275772787460194,6.21882137699875
0.9896431914147831,2.8275772787460194,6.359599694763082
1.047149598498954,2.8275772787460194,6.500378012527415
1.1046560055831254,2.8275772787460194,6.641156330291749
1.1621624126672963,2.8275772787460194,6.781934648056081
1.2196688197514676,2.8275772787460194,6.922712965820416
1.2771752268356384,2.8275772787460194,7.0634912835847485
1.3346816339198098,2.8275772787460194,7.204269601349083
1.3921880410039804,2.8275772787460194,7.345047919113414
-0.8505618352786911,2.963872607368057,1.8600320473791794
-0.79305542819452,2.963872607368057,2.0040248762794413
-0.735549021110349,2.963872607368057,2.1480177051797016
-0.6780426140261779,2.963872607368057,2.2920105340799637
-0.6205362069420068,2.963872607368057,2.436003362980226
-0.5630297998578357,2.963872607368057,2.5799961918804866
-0.5055233927736646,2.963872607368057,2.7239890207807482
-0.44801698568949366,2.963872607368057,2.86798184968101
-0.39051057860532257,2.963872607368057,3.0119746785812707
-0.33300417152115147,2.963872607368057,3.1559675074815328
-0.2754977644369804,2.963872607368057,3.2999603363817944
-0.2179913573528094,2.963872607368057,3.443953165282055
-0.1604849502686383,2.963872607368057,3.5879459941823173
-0.1029785431844672,2.963872607368057,3.731938823082579
-0.04547213610029621,2.963872607368057,3.8759316519828397
0.012034270983874884,2.963872607368057,4.019924480883102
0.06954067806804598,2.963872607368057,4.163917309783363
0.12704708515221708,2.963872607368057,4.307910138683625
0.18455349223638817,2.963872607368057,4.451902967583886
0.24205989932055927,2.963872607368057,4.595895796484148
0.29956630640473036,2.963872607368057,4.73988862538441
0.35707271348890124,2.963872607368057,4.88388145428467
0.41457912057307233,2.963872607368057,5.027874283184932
0.47208552765724343,2.963872607368057,5.171867112085194
0.5295919347414145,2.963872607368057,5.315859940985455
0.5870983418255856,2.963872607368057,5.459852769885717
0.6446047489097567,2.963872607368057,5.603845598785979
0.7021111559939278,2.963872607368057,5.74783842768624
0.7596175630780987,2.963872607368057,5.891831256586501
0.8171239701622698,2.963872607368057,6.035824085486762
0.8746303772464409,2.963872607368057,6.179816914387024
0.932136784330612,2.963872607368057,6.323809743287286
0.9896431914147831,2.963872607368057,6.467802572187547
1.047149598498954,2.963872607368057,6.611795401087808
1.1046560055831254,2.963872607368057,6.75578822998807
1.1621624126672963,2.963872607368057,6.8997810588883315
1.2196688197514676,2.963872607368057,7.043773887788594
1.2771752268356384,2.963872607368057,7.187766716688855
1.3346816339198098,2.963872607368057,7.331759545589117
1.3921880410039804,2.963872607368057,7.475752374489377
-0.8505618352786911,3.1001679359900955,1.8653705684539377
-0.79305542819452,3.1001679359900955,2.012577908490127
-0.735549021110349,3.1001679359900955,2.159785248526317
-0.6780426140261779,3.1001679359900955,2.306992588562507
-0.6205362069420068,3.1001679359900955,2.4541999285986966
-0.5630297998578357,3.1001679359900955,2.601407268634887
-0.5055233927736646,3.1001679359900955,2.748614608671077
-0.44801698568949366,3.1001679359900955,2.8958219487072663
-0.39051057860532257,3.1001679359900955,3.0430292887434565
-0.33300417152115147,3.1001679359900955,3.1902366287796466
-0.2754977644369804,3.1001679359900955,3.337443968815836
-0.2179913573528094,3.1001679359900955,3.4846513088520257
-0.1604849502686383,3.1001679359900955,3.631858648888216
-0.1029785431844672,3.1001679359900955,3.779065988924405
-0.04547213610029621,3.1001679359900955,3.9262733289605953
0.012034270983874884,3.1001679359900955,4.073480668996785
0.06954067806804598,3.1001679359900955,4.220688009032974
0.12704708515221708,3.1001679359900955,4.3678953490691645
0.18455349223638817,3.1001679359900955,4.515102689105355
0.24205989932055927,3.1001679359900955,4.662310029141545
0.29956630640473036,3.1001679359900955,4.809517369177734
0.35707271348890124,3.1001679359900955,4.956724709213924
0.41457912057307233,3.1001679359900955,5.103932049250114
0.47208552765724343,3.1001679359900955,5.251139389286304
0.5295919347414145,3.1001679359900955,5.398346729322494
0.5870983418255856,3.1001679359900955,5.545554069358684
0.6446047489097567,3.1001679359900955,5.6927614093948735
0.7021111559939278,3.1001679359900955,5.839968749431064
0.7596175630780987,3.1001679359900955,5.987176089467253
0.8171239701622698,3.1001679359900955,6.134383429503442
0.8746303772464409,3.1001679359900955,6.281590769539633
0.932136784330612,3.1001679359900955,6.428798109575823
0.9896431914147831,3.1001679359900955,6.576005449612012
1.047149598498954,3.1001679359900955,6.723212789648202
1.1046560055831254,3.1001679359900955,6.870420129684392
1.1621624126672963,3.1001679359900955,7.017627469720582
1.2196688197514676,3.1001679359900955,7.164834809756773
1.2771752268356384,3.1001679359900955,7.312042149792962
1.3346816339198098,3.1001679359900955,7.459249489829153
1.3921880410039804,3.1001679359900955,7.606456829865341
-0.8505618352786911,3.236463264612133,1.8707090895286962
-0.79305542819452,3.236463264612133,2.021130940700814
-0.735549021110349,3.236463264612133,2.171552791872932
-0.6780426140261779,3.236463264612133,2.3219746430450505
-0.6205362069420068,3.236463264612133,2.472396494217169
-0.5630297998578357,3.236463264612133,2.6228183453892866
-0.5055233927736646,3.236463264612133,2.773240196561405
-0.44801698568949366,3.236463264612133,2.923662047733523
-0.39051057860532257,3.236463264612133,3.0740838989056414
-0.33300417152115147,3.236463264612133,3.2245057500777596
-0.2754977644369804,3.236463264612133,3.3749276012498775
-0.2179913573528094,3.236463264612133,3.5253494524219957
-0.1604849502686383,3.236463264612133,3.675771303594114
-0.1029785431844672,3.236463264612133,3.8261931547662322
-0.04547213610029621,3.236463264612133,3.97661500593835
0.012034270983874884,3.236463264612133,4.127036857110468
0.06954067806804598,3.236463264612133,4.277458708282587
0.12704708515221708,3.236463264612133,4.427880559454705
0.18455349223638817,3.236463264612133,4.578302410626823
0.24205989932055927,3.236463264612133,4.728724261798941
0.29956630640473036,3.236463264612133,4.879146112971059
0.35707271348890124,3.236463264612133,5.029567964143177
0.41457912057307233,3.236463264612133,5.179989815315296
0.47208552765724343,3.236463264612133,5.3304116664874135
0.5295919347414145,3.236463264612133,5.480833517659532
0.5870983418255856,3.236463264612133,5.63125536883165
0.6446047489097567,3.236463264612133,5.781677220003768
0.7021111559939278,3.236463264612133,5.9320990711758865
0.7596175630780987,3.236463264612133,6.082520922348005
0.8171239701622698,3.236463264612133,6.232942773520122
0.8746303772464409,3.236463264612133,6.38336462469224
0.932136784330612,3.236463264612133,6.53378647586436
0.9896431914147831,3.236463264612133,6.684208327036477
1.047149598498954,3.236463264612133,6.834630178208595
1.1046560055831254,3.236463264612133,6.985052029380714
1.1621624126672963,3.236463264612133,7.135473880552832
1.2196688197514676,3.236463264612133,7.285895731724951
1.2771752268356384,3.236463264612133,7.436317582897068
1.3346816339198098,3.236463264612133,7.586739434069187
1.3921880410039804,3.236463264612133,7.737161285241305
